transcript,audio_url,difficulty
I do n't often wear ball gowns .,https://res.cloudinary.com/dcz6avkds/video/upload/v1773843851/audio_file/level01/01_957e46e4-a.mp3,easy
He is the man whose daughter is missing .,https://res.cloudinary.com/dcz6avkds/video/upload/v1773843852/audio_file/level01/01_4792c73d-9.mp3,easy
I wish I could have finished it .,https://res.cloudinary.com/dcz6avkds/video/upload/v1773843853/audio_file/level01/01_5034b5b7-5.mp3,easy
Do n't wear khakis to the business meeting .,https://res.cloudinary.com/dcz6avkds/video/upload/v1773843854/audio_file/level01/01_3b9e4cbd-8.mp3,easy
This huge store only has three cashiers !,https://res.cloudinary.com/dcz6avkds/video/upload/v1773843855/audio_file/level01/01_72edd91a-1.mp3,easy
Sugar was bad for Henry .,https://res.cloudinary.com/dcz6avkds/video/upload/v1773843856/audio_file/level01/01_2e55c465-a.mp3,easy
There is no more water .,https://res.cloudinary.com/dcz6avkds/video/upload/v1773843857/audio_file/level01/01_94c108dd-9.mp3,easy
He 's got a girlfriend .,https://res.cloudinary.com/dcz6avkds/video/upload/v1773843859/audio_file/level01/01_26904117-3.mp3,easy
The driver did n't know where to turn .,https://res.cloudinary.com/dcz6avkds/video/upload/v1773843860/audio_file/level01/01_c01d8d8b-1.mp3,easy
Shall I teach you to dance ?,https://res.cloudinary.com/dcz6avkds/video/upload/v1773843861/audio_file/level01/01_6051fcef-e.mp3,easy
He asked the teacher what to do .,https://res.cloudinary.com/dcz6avkds/video/upload/v1773843862/audio_file/level01/01_0e48d1ab-e.mp3,easy
I forgot to bring my umbrella .,https://res.cloudinary.com/dcz6avkds/video/upload/v1773843863/audio_file/level01/01_487645e8-c.mp3,easy
We watch the Olympics on TV .,https://res.cloudinary.com/dcz6avkds/video/upload/v1773843864/audio_file/level01/01_a9298672-c.mp3,easy
I wish I could be a scientist .,https://res.cloudinary.com/dcz6avkds/video/upload/v1773843865/audio_file/level01/01_e477260f-3.mp3,easy
There is a photographer 's studio over there .,https://res.cloudinary.com/dcz6avkds/video/upload/v1773843866/audio_file/level01/01_1346649d-e.mp3,easy
I wish it could be different .,https://res.cloudinary.com/dcz6avkds/video/upload/v1773843867/audio_file/level01/01_d559b0f9-b.mp3,easy
Have you met our brother ?,https://res.cloudinary.com/dcz6avkds/video/upload/v1773843868/audio_file/level01/01_3d94ad63-a.mp3,easy
I was called twice about it .,https://res.cloudinary.com/dcz6avkds/video/upload/v1773843869/audio_file/level01/01_c648865f-f.mp3,easy
She cooks for her little brother .,https://res.cloudinary.com/dcz6avkds/video/upload/v1773843870/audio_file/level01/01_66d9d507-a.mp3,easy
We have n't met yet .,https://res.cloudinary.com/dcz6avkds/video/upload/v1773843872/audio_file/level01/01_42eee6b7-4.mp3,easy
She went looking for her dog .,https://res.cloudinary.com/dcz6avkds/video/upload/v1773843873/audio_file/level01/01_652f2a7e-d.mp3,easy
We are against elephant hunting .,https://res.cloudinary.com/dcz6avkds/video/upload/v1773843876/audio_file/level01/01_9a689a8a-6.mp3,easy
I wish I knew who broke in to our house .,https://res.cloudinary.com/dcz6avkds/video/upload/v1773843877/audio_file/level01/01_b4981ff4-3.mp3,easy
I ca n't read all of these books .,https://res.cloudinary.com/dcz6avkds/video/upload/v1773843878/audio_file/level01/01_91b5c2b9-2.mp3,easy
The teacher loves picking on me .,https://res.cloudinary.com/dcz6avkds/video/upload/v1773843880/audio_file/level01/01_ac3eac83-f.mp3,easy
She sat at the table in front of ours .,https://res.cloudinary.com/dcz6avkds/video/upload/v1773843881/audio_file/level01/01_37380f90-2.mp3,easy
I have n't changed anything .,https://res.cloudinary.com/dcz6avkds/video/upload/v1773843882/audio_file/level01/01_80255794-2.mp3,easy
Would you hand me that white one ?,https://res.cloudinary.com/dcz6avkds/video/upload/v1773843883/audio_file/level01/01_f36be433-7.mp3,easy
Have you just arrived ?,https://res.cloudinary.com/dcz6avkds/video/upload/v1773843884/audio_file/level01/01_a2def40c-5.mp3,easy
She had a beautiful necklace around her neck .,https://res.cloudinary.com/dcz6avkds/video/upload/v1773843886/audio_file/level01/01_a8708acd-1.mp3,easy
John knew they were bad people .,https://res.cloudinary.com/dcz6avkds/video/upload/v1773843887/audio_file/level01/01_d870bce7-c.mp3,easy
Were there dogs at the park ?,https://res.cloudinary.com/dcz6avkds/video/upload/v1773843888/audio_file/level01/01_b659ae08-9.mp3,easy
The trees planted last year look great .,https://res.cloudinary.com/dcz6avkds/video/upload/v1773843889/audio_file/level01/01_d5d6e840-7.mp3,easy
Can you keep a secret ?,https://res.cloudinary.com/dcz6avkds/video/upload/v1773843890/audio_file/level01/01_03103738-3.mp3,easy
We went to look for food .,https://res.cloudinary.com/dcz6avkds/video/upload/v1773843893/audio_file/level01/01_3d2c9ee9-2.mp3,easy
Sitting for too long is a bad idea .,https://res.cloudinary.com/dcz6avkds/video/upload/v1773843894/audio_file/level01/01_92ee0eea-a.mp3,easy
Did you get what you wanted ?,https://res.cloudinary.com/dcz6avkds/video/upload/v1773843895/audio_file/level01/01_749d14d6-1.mp3,easy
You must feel very sick .,https://res.cloudinary.com/dcz6avkds/video/upload/v1773843896/audio_file/level01/01_1f2cfe7b-a.mp3,easy
Pass me that football .,https://res.cloudinary.com/dcz6avkds/video/upload/v1773843897/audio_file/level01/01_d1ecee30-7.mp3,easy
They 've just asked her to stay another year .,https://res.cloudinary.com/dcz6avkds/video/upload/v1773843899/audio_file/level01/01_f14b65c1-5.mp3,easy
I was excited because Stella and I had 500 dollars to share between the two of us .,https://res.cloudinary.com/dcz6avkds/video/upload/v1773843905/audio_file/level01/01_d0e3fe92-6.mp3,easy
Have you seen my sneakers ?,https://res.cloudinary.com/dcz6avkds/video/upload/v1773843907/audio_file/level01/01_00c7b5a0-e.mp3,easy
Mother was happy to finally get a new dog after Daisy died .,https://res.cloudinary.com/dcz6avkds/video/upload/v1773843908/audio_file/level01/01_5884d6ee-a.mp3,easy
I told you he could do it .,https://res.cloudinary.com/dcz6avkds/video/upload/v1773843909/audio_file/level01/01_ff5d4eaf-8.mp3,easy
My car was damaged in that parking lot .,https://res.cloudinary.com/dcz6avkds/video/upload/v1773843910/audio_file/level01/01_fea26569-8.mp3,easy
The food was brought on beautiful plates .,https://res.cloudinary.com/dcz6avkds/video/upload/v1773843911/audio_file/level01/01_e8fc2958-d.mp3,easy
Is it already 5 p. m.?,https://res.cloudinary.com/dcz6avkds/video/upload/v1773843912/audio_file/level01/01_3b9b4cb6-8.mp3,easy
Gloria always wore very big earrings .,https://res.cloudinary.com/dcz6avkds/video/upload/v1773843914/audio_file/level01/01_71e973a7-9.mp3,easy
Every day he tells his wife not to worry but I know she does .,https://res.cloudinary.com/dcz6avkds/video/upload/v1773843915/audio_file/level01/01_b450784a-5.mp3,easy
I got bored at the beach .,https://res.cloudinary.com/dcz6avkds/video/upload/v1773843916/audio_file/level01/01_28482b96-4.mp3,easy
Let 's wait in front of the store .,https://res.cloudinary.com/dcz6avkds/video/upload/v1773843917/audio_file/level01/01_cf82d7fd-a.mp3,easy
The soccer stadium was full of fans .,https://res.cloudinary.com/dcz6avkds/video/upload/v1773843918/audio_file/level01/01_f68073b0-a.mp3,easy
I 'd like to be a godmother .,https://res.cloudinary.com/dcz6avkds/video/upload/v1773843919/audio_file/level01/01_2653d98a-4.mp3,easy
There were many rabbits at the petting zoo .,https://res.cloudinary.com/dcz6avkds/video/upload/v1773843920/audio_file/level01/01_46182bf5-3.mp3,easy
I 'm looking for a carpenter .,https://res.cloudinary.com/dcz6avkds/video/upload/v1773843921/audio_file/level01/01_affca22a-d.mp3,easy
There were not many swimmers in the water .,https://res.cloudinary.com/dcz6avkds/video/upload/v1773843923/audio_file/level01/01_dc498874-a.mp3,easy
She was as beautiful as they said .,https://res.cloudinary.com/dcz6avkds/video/upload/v1773843924/audio_file/level01/01_af8c1e49-4.mp3,easy
Her hair was as soft as silk .,https://res.cloudinary.com/dcz6avkds/video/upload/v1773843925/audio_file/level01/01_28737733-a.mp3,easy
I have n't seen her since we were in high school together .,https://res.cloudinary.com/dcz6avkds/video/upload/v1773843927/audio_file/level01/01_9fb4367b-0.mp3,easy
They often liked doing things together .,https://res.cloudinary.com/dcz6avkds/video/upload/v1773843928/audio_file/level01/01_d7bb0a75-e.mp3,easy
Do you think you were changed by what you saw ?,https://res.cloudinary.com/dcz6avkds/video/upload/v1773843929/audio_file/level01/01_727be445-b.mp3,easy
"If we were all alike , life would be boring .",https://res.cloudinary.com/dcz6avkds/video/upload/v1773843930/audio_file/level01/01_fbf7fbcf-c.mp3,easy
I think that one is his .,https://res.cloudinary.com/dcz6avkds/video/upload/v1773843932/audio_file/level01/01_00f9587e-8.mp3,easy
She gave him a new cup .,https://res.cloudinary.com/dcz6avkds/video/upload/v1773843933/audio_file/level01/01_c2516e28-a.mp3,easy
I do n't know where I put my house keys last night .,https://res.cloudinary.com/dcz6avkds/video/upload/v1773843934/audio_file/level01/01_738cc83e-1.mp3,easy
We did n't want to wake the sleeping girls .,https://res.cloudinary.com/dcz6avkds/video/upload/v1773843936/audio_file/level01/01_babca2df-4.mp3,easy
Her smile told me everything I needed to know .,https://res.cloudinary.com/dcz6avkds/video/upload/v1773843937/audio_file/level01/01_b9d62856-8.mp3,easy
It 's hard to tell if these are my socks or his .,https://res.cloudinary.com/dcz6avkds/video/upload/v1773843938/audio_file/level01/01_7d3529ed-1.mp3,easy
Have you seen it already ?,https://res.cloudinary.com/dcz6avkds/video/upload/v1773843940/audio_file/level01/01_7d809722-9.mp3,easy
"If she had known , she 'd have stayed .",https://res.cloudinary.com/dcz6avkds/video/upload/v1773843941/audio_file/level01/01_7f20ac43-8.mp3,easy
There will be war .,https://res.cloudinary.com/dcz6avkds/video/upload/v1773843942/audio_file/level01/01_b7ee9c88-5.mp3,easy
My mother calls every weekend .,https://res.cloudinary.com/dcz6avkds/video/upload/v1773843943/audio_file/level01/01_b8e34750-4.mp3,easy
It is as hot as the desert .,https://res.cloudinary.com/dcz6avkds/video/upload/v1773843944/audio_file/level01/01_8c643430-2.mp3,easy
"If he were my father , I 'd write him .",https://res.cloudinary.com/dcz6avkds/video/upload/v1773843945/audio_file/level01/01_41cbfdc0-6.mp3,easy
"In order to lose weight , he ate vegetables .",https://res.cloudinary.com/dcz6avkds/video/upload/v1773843946/audio_file/level01/01_95b5a3b1-3.mp3,easy
I felt sad after watching that movie .,https://res.cloudinary.com/dcz6avkds/video/upload/v1773843947/audio_file/level01/01_b0b73cac-a.mp3,easy
I told him I would do it .,https://res.cloudinary.com/dcz6avkds/video/upload/v1773843949/audio_file/level01/01_ed3826f0-c.mp3,easy
Movies produced in Hollywood are popular .,https://res.cloudinary.com/dcz6avkds/video/upload/v1773843950/audio_file/level01/01_4f068d84-2.mp3,easy
"It will be April soon , so I will finally get to see beautiful cherry blossom trees .",https://res.cloudinary.com/dcz6avkds/video/upload/v1773843951/audio_file/level01/01_9e1ea064-f.mp3,easy
He learned when to start dancing .,https://res.cloudinary.com/dcz6avkds/video/upload/v1773843952/audio_file/level01/01_27ef883a-6.mp3,easy
This is the room where it all began .,https://res.cloudinary.com/dcz6avkds/video/upload/v1773843953/audio_file/level01/01_029e2396-e.mp3,easy
We heard frogs near the lake .,https://res.cloudinary.com/dcz6avkds/video/upload/v1773843954/audio_file/level01/01_14648c58-0.mp3,easy
Have you ever been on a plane ?,https://res.cloudinary.com/dcz6avkds/video/upload/v1773843956/audio_file/level01/01_fcedcc64-c.mp3,easy
There are a lot of sheep in Ireland .,https://res.cloudinary.com/dcz6avkds/video/upload/v1773843957/audio_file/level01/01_557e3c2d-3.mp3,easy
"If he was a few years older , he could join .",https://res.cloudinary.com/dcz6avkds/video/upload/v1773843957/audio_file/level01/01_5914a8f7-6.mp3,easy
She went home late .,https://res.cloudinary.com/dcz6avkds/video/upload/v1773843959/audio_file/level01/01_211b2296-a.mp3,easy
Carley went shopping for a dress today .,https://res.cloudinary.com/dcz6avkds/video/upload/v1773843960/audio_file/level01/01_40b1ef02-7.mp3,easy
They were cycling in the mountains .,https://res.cloudinary.com/dcz6avkds/video/upload/v1773843961/audio_file/level01/01_243f9a6b-5.mp3,easy
I think I need to lose a few more kilograms .,https://res.cloudinary.com/dcz6avkds/video/upload/v1773843962/audio_file/level01/01_2bc681c3-0.mp3,easy
I love this illustrator !,https://res.cloudinary.com/dcz6avkds/video/upload/v1773843963/audio_file/level01/01_797bf7fd-8.mp3,easy
We waited a long time for her arrival .,https://res.cloudinary.com/dcz6avkds/video/upload/v1773843964/audio_file/level01/01_86ff85ff-e.mp3,easy
It 's football season in America .,https://res.cloudinary.com/dcz6avkds/video/upload/v1773843965/audio_file/level01/01_5a0e5c11-4.mp3,easy
"Fortunately , salad was Gina 's favorite food .",https://res.cloudinary.com/dcz6avkds/video/upload/v1773843966/audio_file/level01/01_e67f15df-1.mp3,easy
She hoped to find a good job at the job fair .,https://res.cloudinary.com/dcz6avkds/video/upload/v1773843968/audio_file/level01/01_8432ca6b-9.mp3,easy
The women coming over today are my friends .,https://res.cloudinary.com/dcz6avkds/video/upload/v1773843969/audio_file/level01/01_2349e408-0.mp3,easy
He spoke to both of us .,https://res.cloudinary.com/dcz6avkds/video/upload/v1773843970/audio_file/level01/01_33f19703-4.mp3,easy
I tried to clean up .,https://res.cloudinary.com/dcz6avkds/video/upload/v1773843971/audio_file/level01/01_26a8d407-a.mp3,easy
That parking lot is full .,https://res.cloudinary.com/dcz6avkds/video/upload/v1773843972/audio_file/level01/01_fb9b658a-e.mp3,easy
I wish I could be more like you .,https://res.cloudinary.com/dcz6avkds/video/upload/v1773843974/audio_file/level01/01_1cab5a96-b.mp3,easy
He walked around the garden .,https://res.cloudinary.com/dcz6avkds/video/upload/v1773843975/audio_file/level01/01_31dd5f2b-d.mp3,easy
We hired a new gardener .,https://res.cloudinary.com/dcz6avkds/video/upload/v1773843976/audio_file/level01/01_7b6ebb7e-c.mp3,easy
I hope to go to France one day .,https://res.cloudinary.com/dcz6avkds/video/upload/v1773843978/audio_file/level01/01_8ec269b7-e.mp3,easy
He loves his sneakers more than his regular shoes .,https://res.cloudinary.com/dcz6avkds/video/upload/v1773843979/audio_file/level01/01_d4fa3460-8.mp3,easy
Many children picked the fruit .,https://res.cloudinary.com/dcz6avkds/video/upload/v1773843980/audio_file/level01/01_dbcbbfc8-b.mp3,easy
Shall I help you with your homework ?,https://res.cloudinary.com/dcz6avkds/video/upload/v1773843981/audio_file/level01/01_9edbc887-e.mp3,easy
Did you forget yours ?,https://res.cloudinary.com/dcz6avkds/video/upload/v1773843983/audio_file/level01/01_bfcc1557-e.mp3,easy
She started counting sheep so she could sleep .,https://res.cloudinary.com/dcz6avkds/video/upload/v1773843984/audio_file/level01/01_2132e275-1.mp3,easy
My parents died many years ago .,https://res.cloudinary.com/dcz6avkds/video/upload/v1773843985/audio_file/level01/01_0e28499f-2.mp3,easy
I wish we were all together again for one last dinner .,https://res.cloudinary.com/dcz6avkds/video/upload/v1773843986/audio_file/level01/01_2ee3f13f-1.mp3,easy
They wish they could be happy .,https://res.cloudinary.com/dcz6avkds/video/upload/v1773843987/audio_file/level01/01_6638da95-b.mp3,easy
She ate spaghetti every week .,https://res.cloudinary.com/dcz6avkds/video/upload/v1773843988/audio_file/level01/01_c8161a41-e.mp3,easy
Where did you buy that beautiful pair of pajamas ?,https://res.cloudinary.com/dcz6avkds/video/upload/v1773843990/audio_file/level01/01_9cec07b1-9.mp3,easy
She was happy but now she is sad .,https://res.cloudinary.com/dcz6avkds/video/upload/v1773843993/audio_file/level01/01_6e0d4915-e.mp3,easy
I have been teaching here for many years .,https://res.cloudinary.com/dcz6avkds/video/upload/v1773843995/audio_file/level01/01_29cec4e0-0.mp3,easy
Have you started your new job yet ?,https://res.cloudinary.com/dcz6avkds/video/upload/v1773843996/audio_file/level01/01_1a66c118-5.mp3,easy
This iPad is as fast as a desktop computer .,https://res.cloudinary.com/dcz6avkds/video/upload/v1773843997/audio_file/level01/01_03e8efd2-2.mp3,easy
He had very powerful legs .,https://res.cloudinary.com/dcz6avkds/video/upload/v1773843998/audio_file/level01/01_597e0f53-d.mp3,easy
He 's got a bad temper .,https://res.cloudinary.com/dcz6avkds/video/upload/v1773843999/audio_file/level01/01_fb622181-4.mp3,easy
He ran to the bus stop .,https://res.cloudinary.com/dcz6avkds/video/upload/v1773844001/audio_file/level01/01_a4a51d31-3.mp3,easy
My tooth is loose .,https://res.cloudinary.com/dcz6avkds/video/upload/v1773844002/audio_file/level01/01_18ad7aab-9.mp3,easy
I wish she could have seen it .,https://res.cloudinary.com/dcz6avkds/video/upload/v1773844003/audio_file/level01/01_fbb6e73c-8.mp3,easy
"Since she was n't feeling well today , she was working badly .",https://res.cloudinary.com/dcz6avkds/video/upload/v1773844004/audio_file/level01/01_6b38f1a1-f.mp3,easy
Driving is something I enjoy doing .,https://res.cloudinary.com/dcz6avkds/video/upload/v1773844005/audio_file/level01/01_91e9a822-6.mp3,easy
Are you on the field hockey team ?,https://res.cloudinary.com/dcz6avkds/video/upload/v1773844006/audio_file/level01/01_dae47975-b.mp3,easy
They usually go to sleep early .,https://res.cloudinary.com/dcz6avkds/video/upload/v1773844007/audio_file/level01/01_f1d1384f-c.mp3,easy
I miss my mom .,https://res.cloudinary.com/dcz6avkds/video/upload/v1773844008/audio_file/level01/01_5fe2ff89-0.mp3,easy
I grew up with three brothers .,https://res.cloudinary.com/dcz6avkds/video/upload/v1773844009/audio_file/level01/01_e88d1fd4-e.mp3,easy
Have you met the groom yet ?,https://res.cloudinary.com/dcz6avkds/video/upload/v1773844010/audio_file/level01/01_5c58c0db-1.mp3,easy
Would you like me to carry that for you ?,https://res.cloudinary.com/dcz6avkds/video/upload/v1773844011/audio_file/level01/01_bbfa54f3-7.mp3,easy
I wish we could go again .,https://res.cloudinary.com/dcz6avkds/video/upload/v1773844012/audio_file/level01/01_f2242f58-c.mp3,easy
I do n't know why he dislikes me .,https://res.cloudinary.com/dcz6avkds/video/upload/v1773844013/audio_file/level01/01_c522401d-0.mp3,easy
He was as old as my father .,https://res.cloudinary.com/dcz6avkds/video/upload/v1773844015/audio_file/level01/01_f0503805-1.mp3,easy
Was there a man or a woman in the car ?,https://res.cloudinary.com/dcz6avkds/video/upload/v1773844016/audio_file/level01/01_5d648670-9.mp3,easy
"I wish I could be there when she arrives , but I have another appointment .",https://res.cloudinary.com/dcz6avkds/video/upload/v1773844017/audio_file/level01/01_c24e1a76-2.mp3,easy
Both of them finished their homework .,https://res.cloudinary.com/dcz6avkds/video/upload/v1773844018/audio_file/level01/01_878ef12e-d.mp3,easy
It was a wonderful place to view the sunset .,https://res.cloudinary.com/dcz6avkds/video/upload/v1773844019/audio_file/level01/01_378c4fb8-a.mp3,easy
Jane had a nice jacket collection .,https://res.cloudinary.com/dcz6avkds/video/upload/v1773844020/audio_file/level01/01_9cf4041e-f.mp3,easy
This is made of paper .,https://res.cloudinary.com/dcz6avkds/video/upload/v1773844021/audio_file/level01/01_49c285f7-a.mp3,easy
I have been ill since morning .,https://res.cloudinary.com/dcz6avkds/video/upload/v1773844022/audio_file/level01/01_b3e4b9e0-9.mp3,easy
Have you seen hers ?,https://res.cloudinary.com/dcz6avkds/video/upload/v1773844023/audio_file/level01/01_d23f4e06-e.mp3,easy
He 's already gone to bed .,https://res.cloudinary.com/dcz6avkds/video/upload/v1773844025/audio_file/level01/01_343f0a67-d.mp3,easy
She was as helpless as a baby .,https://res.cloudinary.com/dcz6avkds/video/upload/v1773844026/audio_file/level01/01_4ce16ef1-7.mp3,easy
I asked him to leave .,https://res.cloudinary.com/dcz6avkds/video/upload/v1773844027/audio_file/level01/01_e91a3273-2.mp3,easy
Nothing is as good as my mother 's homemade seafood pasta .,https://res.cloudinary.com/dcz6avkds/video/upload/v1773844028/audio_file/level01/01_c3b70c4e-4.mp3,easy
We learned about clouds today .,https://res.cloudinary.com/dcz6avkds/video/upload/v1773844028/audio_file/level01/01_ccef9798-3.mp3,easy
Her eyes were closed .,https://res.cloudinary.com/dcz6avkds/video/upload/v1773844030/audio_file/level01/01_42b3e944-b.mp3,easy
I wish I had known .,https://res.cloudinary.com/dcz6avkds/video/upload/v1773844031/audio_file/level01/01_1113b9d1-2.mp3,easy
Everyone clapped their hands after the performance .,https://res.cloudinary.com/dcz6avkds/video/upload/v1773844032/audio_file/level01/01_666205d6-0.mp3,easy
I wonder why people still die of curable diseases .,https://res.cloudinary.com/dcz6avkds/video/upload/v1773844033/audio_file/level01/01_76de05ca-a.mp3,easy
The school allowed him to perform .,https://res.cloudinary.com/dcz6avkds/video/upload/v1773844034/audio_file/level01/01_77c78148-0.mp3,easy
I wish I had some cool water to drink .,https://res.cloudinary.com/dcz6avkds/video/upload/v1773844035/audio_file/level01/01_b31a5917-f.mp3,easy
Her little brother liked collecting pocket knives .,https://res.cloudinary.com/dcz6avkds/video/upload/v1773844036/audio_file/level01/01_98aaa715-9.mp3,easy
I thought I had to talk to him .,https://res.cloudinary.com/dcz6avkds/video/upload/v1773844038/audio_file/level01/01_d2c6a5a7-e.mp3,easy
Is it Tuesday already ?,https://res.cloudinary.com/dcz6avkds/video/upload/v1773844039/audio_file/level01/01_ac1bcc7e-e.mp3,easy
Has it already been finished ?,https://res.cloudinary.com/dcz6avkds/video/upload/v1773844040/audio_file/level01/01_042aa1f1-0.mp3,easy
It was painted blue .,https://res.cloudinary.com/dcz6avkds/video/upload/v1773844041/audio_file/level01/01_93b1f6a8-1.mp3,easy
A baby sheep is called a lamb .,https://res.cloudinary.com/dcz6avkds/video/upload/v1773844042/audio_file/level01/01_fb46f224-4.mp3,easy
That was the spot where the tree was .,https://res.cloudinary.com/dcz6avkds/video/upload/v1773844043/audio_file/level01/01_5113414d-3.mp3,easy
I wish she could have forgiven him .,https://res.cloudinary.com/dcz6avkds/video/upload/v1773844045/audio_file/level01/01_781c0fbd-6.mp3,easy
Who is the Israeli prime minister now ?,https://res.cloudinary.com/dcz6avkds/video/upload/v1773844046/audio_file/level01/01_7e3a6d5c-7.mp3,easy
Limestone is often used in cement .,https://res.cloudinary.com/dcz6avkds/video/upload/v1773844048/audio_file/level01/01_68eff61a-5.mp3,easy
"If they had gone north , we could have followed them .",https://res.cloudinary.com/dcz6avkds/video/upload/v1773844049/audio_file/level01/01_a226cf82-2.mp3,easy
The dog learned to sit .,https://res.cloudinary.com/dcz6avkds/video/upload/v1773844051/audio_file/level01/01_d370c497-4.mp3,easy
I was born here .,https://res.cloudinary.com/dcz6avkds/video/upload/v1773844052/audio_file/level01/01_959c80d9-1.mp3,easy
No one had money .,https://res.cloudinary.com/dcz6avkds/video/upload/v1773844053/audio_file/level01/01_eb4aed5a-e.mp3,easy
Everyone looked for the missing boys .,https://res.cloudinary.com/dcz6avkds/video/upload/v1773844054/audio_file/level01/01_e0d9430c-3.mp3,easy
I have just started my new job .,https://res.cloudinary.com/dcz6avkds/video/upload/v1773844055/audio_file/level01/01_9dd2147d-7.mp3,easy
Chicken is healthier than beef .,https://res.cloudinary.com/dcz6avkds/video/upload/v1773844056/audio_file/level01/01_1360ee09-c.mp3,easy
We can watch the planes from here .,https://res.cloudinary.com/dcz6avkds/video/upload/v1773844057/audio_file/level01/01_a8e0ff79-3.mp3,easy
Her son became a dentist .,https://res.cloudinary.com/dcz6avkds/video/upload/v1773844058/audio_file/level01/01_998e290a-1.mp3,easy
A man dressed as a policeman was asking questions .,https://res.cloudinary.com/dcz6avkds/video/upload/v1773844059/audio_file/level01/01_ed0444fb-e.mp3,easy
He decided to buy flowers for his wife while he was out .,https://res.cloudinary.com/dcz6avkds/video/upload/v1773844060/audio_file/level01/01_913594ea-0.mp3,easy
Have you changed your socks ?,https://res.cloudinary.com/dcz6avkds/video/upload/v1773844062/audio_file/level01/01_82cb2efb-3.mp3,easy
Many things were broken .,https://res.cloudinary.com/dcz6avkds/video/upload/v1773844063/audio_file/level01/01_1e7866e8-0.mp3,easy
They were married in Rome .,https://res.cloudinary.com/dcz6avkds/video/upload/v1773844064/audio_file/level01/01_468f966c-2.mp3,easy
The food is usually good there .,https://res.cloudinary.com/dcz6avkds/video/upload/v1773844065/audio_file/level01/01_b5148436-d.mp3,easy
The temperature is really mild this morning .,https://res.cloudinary.com/dcz6avkds/video/upload/v1773844066/audio_file/level01/01_4b04a3c1-d.mp3,easy
This area is known for its peaches .,https://res.cloudinary.com/dcz6avkds/video/upload/v1773844067/audio_file/level01/01_d8671eda-2.mp3,easy
You have nothing left .,https://res.cloudinary.com/dcz6avkds/video/upload/v1773844068/audio_file/level01/01_48214568-4.mp3,easy
They 'd be angry if she had gone too .,https://res.cloudinary.com/dcz6avkds/video/upload/v1773844069/audio_file/level01/01_38a2618f-3.mp3,easy
Her heart was broken .,https://res.cloudinary.com/dcz6avkds/video/upload/v1773844070/audio_file/level01/01_af8d0c50-9.mp3,easy
I said I was going home .,https://res.cloudinary.com/dcz6avkds/video/upload/v1773844071/audio_file/level01/01_10cdfb77-b.mp3,easy
The new US school year starts in September .,https://res.cloudinary.com/dcz6avkds/video/upload/v1773844072/audio_file/level01/01_a7c9146e-6.mp3,easy
Her arm was broken .,https://res.cloudinary.com/dcz6avkds/video/upload/v1773844073/audio_file/level01/01_922973bd-9.mp3,easy
He could n't stop looking at her .,https://res.cloudinary.com/dcz6avkds/video/upload/v1773844074/audio_file/level01/01_ec77c918-8.mp3,easy
He does n't know how to do it .,https://res.cloudinary.com/dcz6avkds/video/upload/v1773844075/audio_file/level01/01_dc2d9ec7-6.mp3,easy
Did you tell her where to meet us ?,https://res.cloudinary.com/dcz6avkds/video/upload/v1773844076/audio_file/level01/01_97b60e1f-d.mp3,easy
He suddenly got angry .,https://res.cloudinary.com/dcz6avkds/video/upload/v1773844077/audio_file/level01/01_c7aed8bd-2.mp3,easy
"If you wanted to talk to someone , who would you call ?",https://res.cloudinary.com/dcz6avkds/video/upload/v1773844078/audio_file/level01/01_5698c869-e.mp3,easy
I found his keys by the door .,https://res.cloudinary.com/dcz6avkds/video/upload/v1773844079/audio_file/level01/01_e26afd8d-e.mp3,easy
Obama is a person whose power is respected .,https://res.cloudinary.com/dcz6avkds/video/upload/v1773844080/audio_file/level01/01_05c6479e-f.mp3,easy
She always put apples in her yogurt .,https://res.cloudinary.com/dcz6avkds/video/upload/v1773844081/audio_file/level01/01_2319bdaa-3.mp3,easy
The plane was as small as a car .,https://res.cloudinary.com/dcz6avkds/video/upload/v1773844082/audio_file/level01/01_2435e921-0.mp3,easy
I wish I could have done it .,https://res.cloudinary.com/dcz6avkds/video/upload/v1773844084/audio_file/level01/01_355a9bd2-a.mp3,easy
You can use ours .,https://res.cloudinary.com/dcz6avkds/video/upload/v1773844085/audio_file/level01/01_35997387-c.mp3,easy
I wish I could find that book .,https://res.cloudinary.com/dcz6avkds/video/upload/v1773844086/audio_file/level01/01_0c9a355e-b.mp3,easy
"Pass me that ball , would you ?",https://res.cloudinary.com/dcz6avkds/video/upload/v1773844087/audio_file/level01/01_ae742e31-2.mp3,easy
We learned to dance .,https://res.cloudinary.com/dcz6avkds/video/upload/v1773844089/audio_file/level01/01_ccf00e95-f.mp3,easy
That 's the house where they went to play video games last week .,https://res.cloudinary.com/dcz6avkds/video/upload/v1773844090/audio_file/level01/01_ada57936-9.mp3,easy
The animals began to run .,https://res.cloudinary.com/dcz6avkds/video/upload/v1773844091/audio_file/level01/01_20d282cc-3.mp3,easy
He told us what he had seen .,https://res.cloudinary.com/dcz6avkds/video/upload/v1773844092/audio_file/level01/01_ddb41b5e-3.mp3,easy
The woman listening to the music looked so happy .,https://res.cloudinary.com/dcz6avkds/video/upload/v1773844094/audio_file/level01/01_cde1547d-8.mp3,easy
"If I lived here , I 'd be so happy !",https://res.cloudinary.com/dcz6avkds/video/upload/v1773844095/audio_file/level01/01_afcd1506-e.mp3,easy
He had to wear a tie to work .,https://res.cloudinary.com/dcz6avkds/video/upload/v1773844096/audio_file/level01/01_d5ee64fa-f.mp3,easy
I thought I saw him .,https://res.cloudinary.com/dcz6avkds/video/upload/v1773844097/audio_file/level01/01_fb4a1989-2.mp3,easy
There is a storm coming .,https://res.cloudinary.com/dcz6avkds/video/upload/v1773844098/audio_file/level01/01_d725bbec-b.mp3,easy
She would like you to come with us .,https://res.cloudinary.com/dcz6avkds/video/upload/v1773844099/audio_file/level01/01_87408ba5-8.mp3,easy
The train stopped before I arrived at my station .,https://res.cloudinary.com/dcz6avkds/video/upload/v1773844100/audio_file/level01/01_2546f928-f.mp3,easy
His bird died suddenly .,https://res.cloudinary.com/dcz6avkds/video/upload/v1773844101/audio_file/level01/01_c2479b25-3.mp3,easy
Halloween is in October .,https://res.cloudinary.com/dcz6avkds/video/upload/v1773844102/audio_file/level01/01_69f384ab-2.mp3,easy
I wish we could tell them .,https://res.cloudinary.com/dcz6avkds/video/upload/v1773844107/audio_file/level01/01_abf6f9b4-7.mp3,easy
Our kids have trouble deciding what to wear to school .,https://res.cloudinary.com/dcz6avkds/video/upload/v1773844108/audio_file/level01/01_63f233c4-5.mp3,easy
She 's just sent me a letter .,https://res.cloudinary.com/dcz6avkds/video/upload/v1773844109/audio_file/level01/01_00edbb7a-b.mp3,easy
He walked through the door .,https://res.cloudinary.com/dcz6avkds/video/upload/v1773844111/audio_file/level01/01_49f25db2-2.mp3,easy
Where are the kids ?,https://res.cloudinary.com/dcz6avkds/video/upload/v1773844112/audio_file/level01/01_372638ba-5.mp3,easy
She always wore boots with heels .,https://res.cloudinary.com/dcz6avkds/video/upload/v1773844114/audio_file/level01/01_35888a14-d.mp3,easy
Please return my book as soon as possible .,https://res.cloudinary.com/dcz6avkds/video/upload/v1773844115/audio_file/level01/01_64c403bb-f.mp3,easy
Blue crabs are famous in this area .,https://res.cloudinary.com/dcz6avkds/video/upload/v1773844116/audio_file/level01/01_f2df7772-1.mp3,easy
We have been to England as well as to France .,https://res.cloudinary.com/dcz6avkds/video/upload/v1773844117/audio_file/level01/01_8f1841dc-8.mp3,easy
Have you already had your lunch ?,https://res.cloudinary.com/dcz6avkds/video/upload/v1773844118/audio_file/level01/01_b0d06795-5.mp3,easy
Did you brush your teeth ?,https://res.cloudinary.com/dcz6avkds/video/upload/v1773844119/audio_file/level01/01_2b7872e5-7.mp3,easy
Do you want to read this book ?,https://res.cloudinary.com/dcz6avkds/video/upload/v1773844120/audio_file/level01/01_cef33c5b-0.mp3,easy
We rushed to the place where we last saw her .,https://res.cloudinary.com/dcz6avkds/video/upload/v1773844121/audio_file/level01/01_3bdfcab5-8.mp3,easy
It was time for dinner .,https://res.cloudinary.com/dcz6avkds/video/upload/v1773844122/audio_file/level01/01_c892e7ad-4.mp3,easy
This is my bag .,https://res.cloudinary.com/dcz6avkds/video/upload/v1773844123/audio_file/level01/01_c84dd485-b.mp3,easy
These houses were built before the war .,https://res.cloudinary.com/dcz6avkds/video/upload/v1773844124/audio_file/level01/01_d366ba47-1.mp3,easy
What if we went together ?,https://res.cloudinary.com/dcz6avkds/video/upload/v1773844125/audio_file/level01/01_f60cec0f-6.mp3,easy
I wish I could go out tonight .,https://res.cloudinary.com/dcz6avkds/video/upload/v1773844127/audio_file/level01/01_b159167a-6.mp3,easy
His wife is Vietnamese .,https://res.cloudinary.com/dcz6avkds/video/upload/v1773844128/audio_file/level01/01_8b037440-c.mp3,easy
I wish they would stop knocking on my door .,https://res.cloudinary.com/dcz6avkds/video/upload/v1773844129/audio_file/level01/01_38545888-0.mp3,easy
Have you seen my sister ?,https://res.cloudinary.com/dcz6avkds/video/upload/v1773844130/audio_file/level01/01_2782d50f-1.mp3,easy
He has already left for his class .,https://res.cloudinary.com/dcz6avkds/video/upload/v1773844131/audio_file/level01/01_99a9f1aa-d.mp3,easy
Does it snow here ?,https://res.cloudinary.com/dcz6avkds/video/upload/v1773844132/audio_file/level01/01_77f1928d-6.mp3,easy
The temperature dropped as low as minus 20 .,https://res.cloudinary.com/dcz6avkds/video/upload/v1773844133/audio_file/level01/01_133847dd-4.mp3,easy
Most sharks are not dangerous .,https://res.cloudinary.com/dcz6avkds/video/upload/v1773844134/audio_file/level01/01_1788cc0c-e.mp3,easy
I miss the way my mother laughed .,https://res.cloudinary.com/dcz6avkds/video/upload/v1773844135/audio_file/level01/01_9f4fc034-7.mp3,easy
He died doing what he believed in .,https://res.cloudinary.com/dcz6avkds/video/upload/v1773844136/audio_file/level01/01_7a7a20e5-8.mp3,easy
Can you draw the British flag ?,https://res.cloudinary.com/dcz6avkds/video/upload/v1773844137/audio_file/level01/01_4da59ad3-5.mp3,easy
Louis finds fashion interesting .,https://res.cloudinary.com/dcz6avkds/video/upload/v1773844138/audio_file/level01/01_713dc94f-0.mp3,easy
Look at that shooting star !,https://res.cloudinary.com/dcz6avkds/video/upload/v1773844139/audio_file/level01/01_c276fd78-4.mp3,easy
His grandfather retired last year .,https://res.cloudinary.com/dcz6avkds/video/upload/v1773844140/audio_file/level01/01_da0fb73f-9.mp3,easy
Both of you are late .,https://res.cloudinary.com/dcz6avkds/video/upload/v1773844142/audio_file/level01/01_c0ac19e3-1.mp3,easy
Have you been studying French ?,https://res.cloudinary.com/dcz6avkds/video/upload/v1773844143/audio_file/level01/01_caa9fb95-0.mp3,easy
He was n't allowed to have any alcohol .,https://res.cloudinary.com/dcz6avkds/video/upload/v1773844145/audio_file/level01/01_92083cbd-b.mp3,easy
There were leaves in her hair .,https://res.cloudinary.com/dcz6avkds/video/upload/v1773844147/audio_file/level01/01_28011a8e-0.mp3,easy
Have you ever seen this kind of issue before ?,https://res.cloudinary.com/dcz6avkds/video/upload/v1773844149/audio_file/level01/01_489cf487-e.mp3,easy
Have you ever seen anything like this before ?,https://res.cloudinary.com/dcz6avkds/video/upload/v1773844151/audio_file/level01/01_d9812e14-b.mp3,easy
She does n't know what she is doing .,https://res.cloudinary.com/dcz6avkds/video/upload/v1773844152/audio_file/level01/01_6701b01e-1.mp3,easy
She said she has not seen anyone all night .,https://res.cloudinary.com/dcz6avkds/video/upload/v1773844153/audio_file/level01/01_6f0bae5c-e.mp3,easy
I do n't know what to do about those noisy neighbors .,https://res.cloudinary.com/dcz6avkds/video/upload/v1773844155/audio_file/level01/01_1161f73e-0.mp3,easy
I became interested in Japan .,https://res.cloudinary.com/dcz6avkds/video/upload/v1773844156/audio_file/level01/01_7da558fa-1.mp3,easy
She said she had something to tell you but she did n't say what it was .,https://res.cloudinary.com/dcz6avkds/video/upload/v1773844157/audio_file/level01/01_887c317f-1.mp3,easy
The Americans fought in the Vietnamese War .,https://res.cloudinary.com/dcz6avkds/video/upload/v1773844158/audio_file/level01/01_b2852396-8.mp3,easy
It 's too hot to sleep .,https://res.cloudinary.com/dcz6avkds/video/upload/v1773844160/audio_file/level01/01_0a7c12ac-c.mp3,easy
There were twenty people in the room .,https://res.cloudinary.com/dcz6avkds/video/upload/v1773844161/audio_file/level01/01_13cd4d40-6.mp3,easy
She asked me to stay .,https://res.cloudinary.com/dcz6avkds/video/upload/v1773844162/audio_file/level01/01_59547208-6.mp3,easy
"Do your work , or you wo n't get paid .",https://res.cloudinary.com/dcz6avkds/video/upload/v1773844164/audio_file/level01/01_fc33090a-f.mp3,easy
Have either of you guys finished the homework ?,https://res.cloudinary.com/dcz6avkds/video/upload/v1773844165/audio_file/level01/01_e9c2c305-d.mp3,easy
I 'm not sure when to use this unusual fork .,https://res.cloudinary.com/dcz6avkds/video/upload/v1773844166/audio_file/level01/01_e4f62d90-5.mp3,easy
She is jealous of your dog .,https://res.cloudinary.com/dcz6avkds/video/upload/v1773844168/audio_file/level01/01_10431718-f.mp3,easy
Is that the house where we met ?,https://res.cloudinary.com/dcz6avkds/video/upload/v1773844169/audio_file/level01/01_c047e7eb-9.mp3,easy
The doctor asked if he had come to yet .,https://res.cloudinary.com/dcz6avkds/video/upload/v1773844171/audio_file/level01/01_c507a8b8-1.mp3,easy
There will be consequences .,https://res.cloudinary.com/dcz6avkds/video/upload/v1773844172/audio_file/level01/01_74c4ca4f-4.mp3,easy
It is close to the station but far from home .,https://res.cloudinary.com/dcz6avkds/video/upload/v1773844174/audio_file/level01/01_936854ba-a.mp3,easy
She 's made a lot of friends .,https://res.cloudinary.com/dcz6avkds/video/upload/v1773844176/audio_file/level01/01_36ad8790-8.mp3,easy
I left the house on time but the train was late .,https://res.cloudinary.com/dcz6avkds/video/upload/v1773844178/audio_file/level01/01_745af270-7.mp3,easy
She dropped the napkin on the floor .,https://res.cloudinary.com/dcz6avkds/video/upload/v1773844179/audio_file/level01/01_f298fb9d-c.mp3,easy
"Because his fingers were broken , he could no longer play the piano .",https://res.cloudinary.com/dcz6avkds/video/upload/v1773844181/audio_file/level01/01_45a7624c-4.mp3,easy
"If I had known it would be like this , I would n't have come !",https://res.cloudinary.com/dcz6avkds/video/upload/v1773844183/audio_file/level01/01_23a39268-0.mp3,easy
I met someone who is also from Vancouver .,https://res.cloudinary.com/dcz6avkds/video/upload/v1773844184/audio_file/level01/01_c66879f3-f.mp3,easy
We should ask Amanda how to start a volunteer project .,https://res.cloudinary.com/dcz6avkds/video/upload/v1773844186/audio_file/level01/01_d8594a7a-e.mp3,easy
I am a high- level manager in a small company .,https://res.cloudinary.com/dcz6avkds/video/upload/v1773844187/audio_file/level01/01_837d0d72-2.mp3,easy
"If you were me , what would you choose ?",https://res.cloudinary.com/dcz6avkds/video/upload/v1773844188/audio_file/level01/01_112e3af7-4.mp3,easy
This will help them to improve .,https://res.cloudinary.com/dcz6avkds/video/upload/v1773844190/audio_file/level01/01_a5839621-c.mp3,easy
She made many friends before leaving the country .,https://res.cloudinary.com/dcz6avkds/video/upload/v1773844191/audio_file/level01/01_2224cc12-6.mp3,easy
I 'd like you to meet my parents .,https://res.cloudinary.com/dcz6avkds/video/upload/v1773844192/audio_file/level01/01_edf71539-6.mp3,easy
It was summer when I saw her again .,https://res.cloudinary.com/dcz6avkds/video/upload/v1773844195/audio_file/level01/01_a1f21f0b-8.mp3,easy
It is easy to understand people who speak clearly .,https://res.cloudinary.com/dcz6avkds/video/upload/v1773844196/audio_file/level01/01_f6b0a9f2-6.mp3,easy
He always had a toothpick in his mouth .,https://res.cloudinary.com/dcz6avkds/video/upload/v1773844198/audio_file/level01/01_0a01555c-9.mp3,easy
Were there any dresses you wanted to buy ?,https://res.cloudinary.com/dcz6avkds/video/upload/v1773844199/audio_file/level01/01_2a0c5eb4-1.mp3,easy
Do you have plans to travel to Europe this year ?,https://res.cloudinary.com/dcz6avkds/video/upload/v1773844201/audio_file/level01/01_07a3e3a9-d.mp3,easy
We sat watching the sunset .,https://res.cloudinary.com/dcz6avkds/video/upload/v1773844202/audio_file/level01/01_3eab24ad-e.mp3,easy
We love to invite our friends over .,https://res.cloudinary.com/dcz6avkds/video/upload/v1773844203/audio_file/level01/01_1bed1a64-b.mp3,easy
I could n't do it even if I tried .,https://res.cloudinary.com/dcz6avkds/video/upload/v1773844206/audio_file/level01/01_dd191c9f-7.mp3,easy
It happened a long time ago .,https://res.cloudinary.com/dcz6avkds/video/upload/v1773844210/audio_file/level01/01_61ce449a-0.mp3,easy
Lisa does not always want to spend time with her boyfriend .,https://res.cloudinary.com/dcz6avkds/video/upload/v1773844212/audio_file/level01/01_15cdfcbf-a.mp3,easy
We rarely see each other .,https://res.cloudinary.com/dcz6avkds/video/upload/v1773844212/audio_file/level01/01_2e994488-0.mp3,easy
You look like your sister .,https://res.cloudinary.com/dcz6avkds/video/upload/v1773844214/audio_file/level01/01_91916970-6.mp3,easy
She is an FBI agent .,https://res.cloudinary.com/dcz6avkds/video/upload/v1773844215/audio_file/level01/01_3d6cff8c-5.mp3,easy
It was the day when she broke her arm .,https://res.cloudinary.com/dcz6avkds/video/upload/v1773844217/audio_file/level01/01_42d2d01f-c.mp3,easy
Some pop singers have no talent .,https://res.cloudinary.com/dcz6avkds/video/upload/v1773844218/audio_file/level01/01_5c72b71c-d.mp3,easy
Is there a problem ?,https://res.cloudinary.com/dcz6avkds/video/upload/v1773844219/audio_file/level01/01_da50bc6b-b.mp3,easy
You ca n't pet service dogs or police dogs .,https://res.cloudinary.com/dcz6avkds/video/upload/v1773844221/audio_file/level01/01_27547e47-e.mp3,easy
How many frogs are in your aquarium ?,https://res.cloudinary.com/dcz6avkds/video/upload/v1773844222/audio_file/level01/01_03393f01-9.mp3,easy
I wish she could be there .,https://res.cloudinary.com/dcz6avkds/video/upload/v1773844223/audio_file/level01/01_c50fc4ca-4.mp3,easy
The alarm will ring in a second .,https://res.cloudinary.com/dcz6avkds/video/upload/v1773844224/audio_file/level01/01_784ae3de-5.mp3,easy
Is there any of the vegetable spaghetti left from last night 's dinner ?,https://res.cloudinary.com/dcz6avkds/video/upload/v1773844227/audio_file/level01/01_2109e34e-a.mp3,easy
Liz got up quietly .,https://res.cloudinary.com/dcz6avkds/video/upload/v1773844228/audio_file/level01/01_44403751-5.mp3,easy
Few people liked her .,https://res.cloudinary.com/dcz6avkds/video/upload/v1773844229/audio_file/level01/01_23ac7003-8.mp3,easy
I lent her my coat .,https://res.cloudinary.com/dcz6avkds/video/upload/v1773844230/audio_file/level01/01_0571b2cf-d.mp3,easy
I do n't like wearing skirts during winter .,https://res.cloudinary.com/dcz6avkds/video/upload/v1773844231/audio_file/level01/01_ce16f2f0-2.mp3,easy
My printer ran out of ink .,https://res.cloudinary.com/dcz6avkds/video/upload/v1773844232/audio_file/level01/01_84619821-b.mp3,easy
It was that time when you got sick .,https://res.cloudinary.com/dcz6avkds/video/upload/v1773844234/audio_file/level01/01_0bc835ce-1.mp3,easy
I wish I could find my real parents .,https://res.cloudinary.com/dcz6avkds/video/upload/v1773844235/audio_file/level01/01_27104afb-c.mp3,easy
She often wore her pajamas until noon .,https://res.cloudinary.com/dcz6avkds/video/upload/v1773844237/audio_file/level01/01_9926f830-c.mp3,easy
He planned to kill the president .,https://res.cloudinary.com/dcz6avkds/video/upload/v1773844238/audio_file/level01/01_d4e7f5cc-6.mp3,easy
When was this built ?,https://res.cloudinary.com/dcz6avkds/video/upload/v1773844239/audio_file/level01/01_d8dbf42d-8.mp3,easy
"Could you get my waiter , please ?",https://res.cloudinary.com/dcz6avkds/video/upload/v1773844241/audio_file/level01/01_6bea3511-5.mp3,easy
"If he went on Saturday , there might be less traffic .",https://res.cloudinary.com/dcz6avkds/video/upload/v1773844242/audio_file/level01/01_f80d7324-c.mp3,easy
Let me get you your coat .,https://res.cloudinary.com/dcz6avkds/video/upload/v1773844244/audio_file/level01/01_0cb2c67c-0.mp3,easy
I wish I could tell them good-bye .,https://res.cloudinary.com/dcz6avkds/video/upload/v1773844245/audio_file/level01/01_15781c1a-6.mp3,easy
The windows were locked .,https://res.cloudinary.com/dcz6avkds/video/upload/v1773844246/audio_file/level01/01_aa32518e-e.mp3,easy
There were two tigers at the zoo .,https://res.cloudinary.com/dcz6avkds/video/upload/v1773844247/audio_file/level01/01_7749e14d-b.mp3,easy
The Seto Ohashi Bridge was built in the 1980s .,https://res.cloudinary.com/dcz6avkds/video/upload/v1773844249/audio_file/level01/01_4f5e6c8a-2.mp3,easy
I like dogs more than cats .,https://res.cloudinary.com/dcz6avkds/video/upload/v1773844250/audio_file/level01/01_9aef37d9-7.mp3,easy
"This was hers , and she gave it to me a few years before she died .",https://res.cloudinary.com/dcz6avkds/video/upload/v1773844253/audio_file/level01/01_6e1d8c54-0.mp3,easy
The meat was still a little too raw .,https://res.cloudinary.com/dcz6avkds/video/upload/v1773844254/audio_file/level01/01_016057ec-8.mp3,easy
"If it were me , I 'd join .",https://res.cloudinary.com/dcz6avkds/video/upload/v1773844256/audio_file/level01/01_62171992-4.mp3,easy
Nothing in this dinosaur museum is real .,https://res.cloudinary.com/dcz6avkds/video/upload/v1773844258/audio_file/level01/01_c8746ae8-8.mp3,easy
She runs very fast .,https://res.cloudinary.com/dcz6avkds/video/upload/v1773844259/audio_file/level01/01_fc20380f-7.mp3,easy
There is very little traffic on Sundays here .,https://res.cloudinary.com/dcz6avkds/video/upload/v1773844260/audio_file/level01/01_b3f74e6d-7.mp3,easy
Mayweather is the current heavy weight champion .,https://res.cloudinary.com/dcz6avkds/video/upload/v1773844262/audio_file/level01/01_6f2c5b3f-e.mp3,easy
The sun began to rise .,https://res.cloudinary.com/dcz6avkds/video/upload/v1773844263/audio_file/level01/01_365d046e-5.mp3,easy
Who is your favorite Japanese artist ?,https://res.cloudinary.com/dcz6avkds/video/upload/v1773844264/audio_file/level01/01_e0670dad-b.mp3,easy
I do not always listen to music .,https://res.cloudinary.com/dcz6avkds/video/upload/v1773844266/audio_file/level01/01_46bf152b-5.mp3,easy
I 've spoken with all the parents except for his .,https://res.cloudinary.com/dcz6avkds/video/upload/v1773844268/audio_file/level01/01_7c36bcec-7.mp3,easy
Let 's go for a bike ride .,https://res.cloudinary.com/dcz6avkds/video/upload/v1773844269/audio_file/level01/01_de0e653a-e.mp3,easy
The second semester begins in September .,https://res.cloudinary.com/dcz6avkds/video/upload/v1773844270/audio_file/level01/01_fd22a625-c.mp3,easy
She keeps the key in a flower pot by the door .,https://res.cloudinary.com/dcz6avkds/video/upload/v1773844272/audio_file/level01/01_7ec56e22-3.mp3,easy
The story was covered by many reporters .,https://res.cloudinary.com/dcz6avkds/video/upload/v1773844274/audio_file/level01/01_1241d932-8.mp3,easy
She does n't want this one .,https://res.cloudinary.com/dcz6avkds/video/upload/v1773844275/audio_file/level01/01_21815e61-6.mp3,easy
The dryer ate my sock .,https://res.cloudinary.com/dcz6avkds/video/upload/v1773844276/audio_file/level01/01_c5df7960-9.mp3,easy
It was a great role that made him famous .,https://res.cloudinary.com/dcz6avkds/video/upload/v1773844278/audio_file/level01/01_cc186bc9-3.mp3,easy
My aunt had three daughters .,https://res.cloudinary.com/dcz6avkds/video/upload/v1773844279/audio_file/level01/01_7215bbcb-5.mp3,easy
He ran around the park .,https://res.cloudinary.com/dcz6avkds/video/upload/v1773844280/audio_file/level01/01_55625942-0.mp3,easy
Do you know what to say if you are stopped by the police ?,https://res.cloudinary.com/dcz6avkds/video/upload/v1773844281/audio_file/level01/01_c962d7aa-7.mp3,easy
I have just finished my homework .,https://res.cloudinary.com/dcz6avkds/video/upload/v1773844283/audio_file/level01/01_f46c2f98-1.mp3,easy
You 've made a promise .,https://res.cloudinary.com/dcz6avkds/video/upload/v1773844284/audio_file/level01/01_f6c99b3b-9.mp3,easy
I wish we could have gone to the movies .,https://res.cloudinary.com/dcz6avkds/video/upload/v1773844286/audio_file/level01/01_1034b17a-b.mp3,easy
She must go home soon .,https://res.cloudinary.com/dcz6avkds/video/upload/v1773844287/audio_file/level01/01_7317baec-c.mp3,easy
"If I found myself in a new city , I 'd take a tour .",https://res.cloudinary.com/dcz6avkds/video/upload/v1773844289/audio_file/level01/01_feb4337d-6.mp3,easy
"I wish I could tell you who was responsible , but we may never know .",https://res.cloudinary.com/dcz6avkds/video/upload/v1773844291/audio_file/level01/01_06b1a15a-6.mp3,easy
There are many kinds of fruit in the world .,https://res.cloudinary.com/dcz6avkds/video/upload/v1773844292/audio_file/level01/01_0cc0d2d7-b.mp3,easy
Megan started playing soccer during the summer break .,https://res.cloudinary.com/dcz6avkds/video/upload/v1773844293/audio_file/level01/01_0134080b-8.mp3,easy
Do not listen to your older sister because she is not always right .,https://res.cloudinary.com/dcz6avkds/video/upload/v1773844295/audio_file/level01/01_b4ba4a66-4.mp3,easy
There is a teacher from France .,https://res.cloudinary.com/dcz6avkds/video/upload/v1773844296/audio_file/level01/01_9cdaecf5-7.mp3,easy
Yesterday was one of the warmest days so far .,https://res.cloudinary.com/dcz6avkds/video/upload/v1773844298/audio_file/level01/01_b6f774fe-b.mp3,easy
He failed the test to become a firefighter .,https://res.cloudinary.com/dcz6avkds/video/upload/v1773844299/audio_file/level01/01_aaf14a5a-7.mp3,easy
Your mother told me all about your new job when I called last night .,https://res.cloudinary.com/dcz6avkds/video/upload/v1773844301/audio_file/level01/01_5d3572b6-c.mp3,easy
May I speak with your boss ?,https://res.cloudinary.com/dcz6avkds/video/upload/v1773844302/audio_file/level01/01_cf137545-3.mp3,easy
She only has a few friends .,https://res.cloudinary.com/dcz6avkds/video/upload/v1773844304/audio_file/level01/01_0d4d97a5-b.mp3,easy
Have you ever been married ?,https://res.cloudinary.com/dcz6avkds/video/upload/v1773844304/audio_file/level01/01_18b23f9b-b.mp3,easy
I hope to become a teacher .,https://res.cloudinary.com/dcz6avkds/video/upload/v1773844306/audio_file/level01/01_22ad8ee8-d.mp3,easy
They were all required to wear suits .,https://res.cloudinary.com/dcz6avkds/video/upload/v1773844307/audio_file/level01/01_b3d18707-8.mp3,easy
Is that your bike ?,https://res.cloudinary.com/dcz6avkds/video/upload/v1773844308/audio_file/level01/01_5e05f7ef-8.mp3,easy
He has a talking dog .,https://res.cloudinary.com/dcz6avkds/video/upload/v1773844309/audio_file/level01/01_8934454a-e.mp3,easy
Freestyle snowboarding is now an Olympic sport .,https://res.cloudinary.com/dcz6avkds/video/upload/v1773844310/audio_file/level01/01_582fc86f-d.mp3,easy
I would love to live in a house like this one .,https://res.cloudinary.com/dcz6avkds/video/upload/v1773844312/audio_file/level01/01_2acaa7fc-c.mp3,easy
He is a man whose career has been long and successful .,https://res.cloudinary.com/dcz6avkds/video/upload/v1773844313/audio_file/level01/01_99939e0e-1.mp3,easy
Carrie knew her sister was happy .,https://res.cloudinary.com/dcz6avkds/video/upload/v1773844314/audio_file/level01/01_3c9cf441-3.mp3,easy
Many cities have metros .,https://res.cloudinary.com/dcz6avkds/video/upload/v1773844315/audio_file/level01/01_523f0cd4-5.mp3,easy
"We were planning to go together , but she got sick .",https://res.cloudinary.com/dcz6avkds/video/upload/v1773844316/audio_file/level01/01_3db45024-3.mp3,easy
Shall we take Jessica to the hospital ?,https://res.cloudinary.com/dcz6avkds/video/upload/v1773844318/audio_file/level01/01_4bd46660-2.mp3,easy
The plastic chair is broken .,https://res.cloudinary.com/dcz6avkds/video/upload/v1773844319/audio_file/level01/01_5273fd9a-b.mp3,easy
Mother was too shy to wear a bikini .,https://res.cloudinary.com/dcz6avkds/video/upload/v1773844320/audio_file/level01/01_4ae99785-5.mp3,easy
These are the friends whose names you know .,https://res.cloudinary.com/dcz6avkds/video/upload/v1773844322/audio_file/level01/01_f5c79747-d.mp3,easy
That boy seems interested in you .,https://res.cloudinary.com/dcz6avkds/video/upload/v1773844323/audio_file/level01/01_649b8367-2.mp3,easy
I will come with you to make sure you are okay .,https://res.cloudinary.com/dcz6avkds/video/upload/v1773844325/audio_file/level01/01_ff6ef255-4.mp3,easy
Which Canadian cities have you visited ?,https://res.cloudinary.com/dcz6avkds/video/upload/v1773844326/audio_file/level01/01_cd2ed80a-8.mp3,easy
You must not get too close to the fire .,https://res.cloudinary.com/dcz6avkds/video/upload/v1773844327/audio_file/level01/01_2b2b436b-b.mp3,easy
I always wanted to be an athlete .,https://res.cloudinary.com/dcz6avkds/video/upload/v1773844329/audio_file/level01/01_0021d2ff-3.mp3,easy
That was the moment when they sang .,https://res.cloudinary.com/dcz6avkds/video/upload/v1773844330/audio_file/level01/01_dd36fa1b-c.mp3,easy
Have you started classes yet ?,https://res.cloudinary.com/dcz6avkds/video/upload/v1773844331/audio_file/level01/01_429c49ff-0.mp3,easy
Her dress was emerald green .,https://res.cloudinary.com/dcz6avkds/video/upload/v1773844332/audio_file/level01/01_3dd8f60a-4.mp3,easy
I wish I could have stayed there forever on that beach .,https://res.cloudinary.com/dcz6avkds/video/upload/v1773844334/audio_file/level01/01_bf0e8da3-5.mp3,easy
I feel it necessary to speak up .,https://res.cloudinary.com/dcz6avkds/video/upload/v1773844336/audio_file/level01/01_11b866ec-7.mp3,easy
It should get cooler in the afternoon .,https://res.cloudinary.com/dcz6avkds/video/upload/v1773844337/audio_file/level01/01_66a46992-7.mp3,easy
Has the movie just started ?,https://res.cloudinary.com/dcz6avkds/video/upload/v1773844338/audio_file/level01/01_09b6d511-d.mp3,easy
I said this movie must be good .,https://res.cloudinary.com/dcz6avkds/video/upload/v1773844340/audio_file/level01/01_9cd5991d-b.mp3,easy
I would have done it differently if I had known .,https://res.cloudinary.com/dcz6avkds/video/upload/v1773844342/audio_file/level01/01_9280b8cc-3.mp3,easy
"Now I am being called by Softbank , too !",https://res.cloudinary.com/dcz6avkds/video/upload/v1773844343/audio_file/level01/01_7d6a2d17-4.mp3,easy
He felt his chest tighten .,https://res.cloudinary.com/dcz6avkds/video/upload/v1773844344/audio_file/level01/01_8b85b7cf-0.mp3,easy
She 's changed her major from math to chemistry .,https://res.cloudinary.com/dcz6avkds/video/upload/v1773844346/audio_file/level01/01_383917e9-f.mp3,easy
He painted his room blue .,https://res.cloudinary.com/dcz6avkds/video/upload/v1773844351/audio_file/level01/01_3faca42f-b.mp3,easy
She taught her children to be polite .,https://res.cloudinary.com/dcz6avkds/video/upload/v1773844354/audio_file/level01/01_6dbc2d3c-e.mp3,easy
It took the boat a year to travel across the whole world .,https://res.cloudinary.com/dcz6avkds/video/upload/v1773844357/audio_file/level01/01_7f875665-4.mp3,easy
"She had beautiful , long hair .",https://res.cloudinary.com/dcz6avkds/video/upload/v1773844360/audio_file/level01/01_d68dd7ec-0.mp3,easy
The band started to play .,https://res.cloudinary.com/dcz6avkds/video/upload/v1773844362/audio_file/level01/01_64094e23-b.mp3,easy
She 's so quiet that we forget she 's here .,https://res.cloudinary.com/dcz6avkds/video/upload/v1773844364/audio_file/level01/01_4786248d-6.mp3,easy
She began to walk more and more slowly .,https://res.cloudinary.com/dcz6avkds/video/upload/v1773844366/audio_file/level01/01_3cf87aeb-2.mp3,easy
I wish I was rich .,https://res.cloudinary.com/dcz6avkds/video/upload/v1773844368/audio_file/level01/01_41919fb3-1.mp3,easy
These were the men who ran the red light .,https://res.cloudinary.com/dcz6avkds/video/upload/v1773844370/audio_file/level01/01_d232d05a-e.mp3,easy
Have you just finished ?,https://res.cloudinary.com/dcz6avkds/video/upload/v1773844371/audio_file/level01/01_ec66d237-f.mp3,easy
Were there people at the concert ?,https://res.cloudinary.com/dcz6avkds/video/upload/v1773844372/audio_file/level01/01_be542ad4-2.mp3,easy
We stood looking at the sky .,https://res.cloudinary.com/dcz6avkds/video/upload/v1773844374/audio_file/level01/01_f203546e-4.mp3,easy
We 've lived in Tokyo for a long time .,https://res.cloudinary.com/dcz6avkds/video/upload/v1773844375/audio_file/level01/01_518dfbb6-8.mp3,easy
There was a red car parked there .,https://res.cloudinary.com/dcz6avkds/video/upload/v1773844376/audio_file/level01/01_7b4cde2d-2.mp3,easy
I wish I had a cat .,https://res.cloudinary.com/dcz6avkds/video/upload/v1773844378/audio_file/level01/01_28a76f38-3.mp3,easy
They must be exhausted after their three month journey in Africa .,https://res.cloudinary.com/dcz6avkds/video/upload/v1773844380/audio_file/level01/01_2ea1c610-8.mp3,easy
Her eyes looked like emeralds .,https://res.cloudinary.com/dcz6avkds/video/upload/v1773844382/audio_file/level01/01_7c3134c6-3.mp3,easy
I wish it would stop raining .,https://res.cloudinary.com/dcz6avkds/video/upload/v1773844385/audio_file/level01/01_18537ded-0.mp3,easy
Jack kept a white mouse as a pet .,https://res.cloudinary.com/dcz6avkds/video/upload/v1773844387/audio_file/level01/01_798ba58f-7.mp3,easy
The presenter started to speak .,https://res.cloudinary.com/dcz6avkds/video/upload/v1773844389/audio_file/level01/01_10a7241e-5.mp3,easy
Have you ever been in a limo ?,https://res.cloudinary.com/dcz6avkds/video/upload/v1773844390/audio_file/level01/01_763e683b-8.mp3,easy
There are twenty children in one class .,https://res.cloudinary.com/dcz6avkds/video/upload/v1773844392/audio_file/level01/01_7e44fbab-7.mp3,easy
Lady Gaga is a woman whom many young people enjoy .,https://res.cloudinary.com/dcz6avkds/video/upload/v1773844394/audio_file/level01/01_fb595856-b.mp3,easy
My sister might leave early today .,https://res.cloudinary.com/dcz6avkds/video/upload/v1773844396/audio_file/level01/01_5c61d6ee-c.mp3,easy
He was followed by the police .,https://res.cloudinary.com/dcz6avkds/video/upload/v1773844397/audio_file/level01/01_6241423c-8.mp3,easy
Please ask your father to call me .,https://res.cloudinary.com/dcz6avkds/video/upload/v1773844399/audio_file/level01/01_e2c09888-f.mp3,easy
It is difficult to talk to her peacefully .,https://res.cloudinary.com/dcz6avkds/video/upload/v1773844401/audio_file/level01/01_b787d344-b.mp3,easy
Emily finished her homework before she got too tired .,https://res.cloudinary.com/dcz6avkds/video/upload/v1773844403/audio_file/level01/01_cbbe00e6-9.mp3,easy
Many Russians died in WWII .,https://res.cloudinary.com/dcz6avkds/video/upload/v1773844406/audio_file/level01/01_5c9269f6-7.mp3,easy
There is a hole in my sneakers .,https://res.cloudinary.com/dcz6avkds/video/upload/v1773844408/audio_file/level01/01_90f7d51f-6.mp3,easy
All children need a good education .,https://res.cloudinary.com/dcz6avkds/video/upload/v1773844411/audio_file/level01/01_bcb4a5b8-2.mp3,easy
Did you have a chance to speak to your boss ?,https://res.cloudinary.com/dcz6avkds/video/upload/v1773844414/audio_file/level01/01_f466dcf6-3.mp3,easy
He caused a problem .,https://res.cloudinary.com/dcz6avkds/video/upload/v1773844416/audio_file/level01/01_7f5b2c67-f.mp3,easy
He always boiled his broccoli .,https://res.cloudinary.com/dcz6avkds/video/upload/v1773844418/audio_file/level01/01_c1c32e96-e.mp3,easy
She put jam on her toast .,https://res.cloudinary.com/dcz6avkds/video/upload/v1773844420/audio_file/level01/01_33b2e6f2-a.mp3,easy
He never talks about his ex-wife .,https://res.cloudinary.com/dcz6avkds/video/upload/v1773844422/audio_file/level01/01_1df6ea3e-d.mp3,easy
It will start getting chilly in Tokyo soon .,https://res.cloudinary.com/dcz6avkds/video/upload/v1773844424/audio_file/level01/01_68fa9253-1.mp3,easy
Do n't go swimming over there .,https://res.cloudinary.com/dcz6avkds/video/upload/v1773844426/audio_file/level01/01_55dc2f48-0.mp3,easy
Sushi is raw fish .,https://res.cloudinary.com/dcz6avkds/video/upload/v1773844428/audio_file/level01/01_94a6b171-5.mp3,easy
What 's the date today ?,https://res.cloudinary.com/dcz6avkds/video/upload/v1773844429/audio_file/level01/01_0a8056b0-8.mp3,easy
She got what she wanted .,https://res.cloudinary.com/dcz6avkds/video/upload/v1773844430/audio_file/level01/01_f938ef51-9.mp3,easy
Is this the spot where the restaurant is ?,https://res.cloudinary.com/dcz6avkds/video/upload/v1773844433/audio_file/level01/01_e2616b65-2.mp3,easy
Is that your car ?,https://res.cloudinary.com/dcz6avkds/video/upload/v1773844434/audio_file/level01/01_e431df03-d.mp3,easy
He fell on his knees .,https://res.cloudinary.com/dcz6avkds/video/upload/v1773844436/audio_file/level01/01_531f244e-d.mp3,easy
The teacher asked him to close the windows .,https://res.cloudinary.com/dcz6avkds/video/upload/v1773844439/audio_file/level01/01_737cceb9-4.mp3,easy
I need to see my dentist for this toothache .,https://res.cloudinary.com/dcz6avkds/video/upload/v1773844441/audio_file/level01/01_d414fd03-6.mp3,easy
They could n't find anyone .,https://res.cloudinary.com/dcz6avkds/video/upload/v1773844443/audio_file/level01/01_c30f6b27-4.mp3,easy
I ca n't wait for the day when we have flying cars .,https://res.cloudinary.com/dcz6avkds/video/upload/v1773844446/audio_file/level01/01_91bbc713-6.mp3,easy
It was found yesterday .,https://res.cloudinary.com/dcz6avkds/video/upload/v1773844447/audio_file/level01/01_c954b523-c.mp3,easy
The park near our house reminds me of our first date .,https://res.cloudinary.com/dcz6avkds/video/upload/v1773844449/audio_file/level01/01_e786b5d3-8.mp3,easy
Children are not allowed in bars .,https://res.cloudinary.com/dcz6avkds/video/upload/v1773844451/audio_file/level01/01_319d3b82-0.mp3,easy
Have you got your homework ?,https://res.cloudinary.com/dcz6avkds/video/upload/v1773844453/audio_file/level01/01_c92c5edf-7.mp3,easy
There 's not enough salt .,https://res.cloudinary.com/dcz6avkds/video/upload/v1773844455/audio_file/level01/01_b6eed771-f.mp3,easy
What if she went with us ?,https://res.cloudinary.com/dcz6avkds/video/upload/v1773844457/audio_file/level01/01_1d819008-e.mp3,easy
It was the teacher who wrote that .,https://res.cloudinary.com/dcz6avkds/video/upload/v1773844459/audio_file/level01/01_801685fd-a.mp3,easy
I will do it as soon as I return .,https://res.cloudinary.com/dcz6avkds/video/upload/v1773844461/audio_file/level01/01_0013c651-b.mp3,easy
Children love to play outdoors .,https://res.cloudinary.com/dcz6avkds/video/upload/v1773844463/audio_file/level01/01_086f46da-d.mp3,easy
The divers were protected by a metal cage .,https://res.cloudinary.com/dcz6avkds/video/upload/v1773844467/audio_file/level01/01_baec7f89-2.mp3,easy
It would be better if I went .,https://res.cloudinary.com/dcz6avkds/video/upload/v1773844468/audio_file/level01/01_58c1d3ff-3.mp3,easy
Not all adults are always correct in what they do or say .,https://res.cloudinary.com/dcz6avkds/video/upload/v1773844471/audio_file/level01/01_c02f36b1-2.mp3,easy
I hate Monday morning .,https://res.cloudinary.com/dcz6avkds/video/upload/v1773844472/audio_file/level01/01_12814b51-b.mp3,easy
"Wow , what a beautiful fabric .",https://res.cloudinary.com/dcz6avkds/video/upload/v1773844475/audio_file/level01/01_89585c16-2.mp3,easy
Who wants to lead the way ?,https://res.cloudinary.com/dcz6avkds/video/upload/v1773844477/audio_file/level01/01_a378121a-d.mp3,easy
It was found on the train .,https://res.cloudinary.com/dcz6avkds/video/upload/v1773844479/audio_file/level01/01_88472de9-e.mp3,easy
Spotlight is a movie about some Boston reporters .,https://res.cloudinary.com/dcz6avkds/video/upload/v1773844481/audio_file/level01/01_c2e22b1a-5.mp3,easy
We show children how to be creative .,https://res.cloudinary.com/dcz6avkds/video/upload/v1773844483/audio_file/level01/01_092ffcf2-7.mp3,easy
They planned to go to Canada .,https://res.cloudinary.com/dcz6avkds/video/upload/v1773844485/audio_file/level01/01_ae0fdc95-6.mp3,easy
She always had an apple for snack .,https://res.cloudinary.com/dcz6avkds/video/upload/v1773844487/audio_file/level01/01_293f586c-3.mp3,easy
Harrison got very excited when his parents gave him a car .,https://res.cloudinary.com/dcz6avkds/video/upload/v1773844489/audio_file/level01/01_10548436-2.mp3,easy
It 's time to go .,https://res.cloudinary.com/dcz6avkds/video/upload/v1773844491/audio_file/level01/01_3f0fe2f2-9.mp3,easy
Have you made up your mind ?,https://res.cloudinary.com/dcz6avkds/video/upload/v1773844493/audio_file/level01/01_4cac7fb8-b.mp3,easy
"In order to save time , he drove .",https://res.cloudinary.com/dcz6avkds/video/upload/v1773844495/audio_file/level01/01_9e6a97c9-7.mp3,easy
"If I had found it , you 'd know .",https://res.cloudinary.com/dcz6avkds/video/upload/v1773844497/audio_file/level01/01_a76a82be-a.mp3,easy
I prefer mild climates .,https://res.cloudinary.com/dcz6avkds/video/upload/v1773844499/audio_file/level01/01_57158a6d-b.mp3,easy
It will rain tonight so you should take an umbrella .,https://res.cloudinary.com/dcz6avkds/video/upload/v1773844501/audio_file/level01/01_e1d2c5a5-b.mp3,easy
Have you seen my book ?,https://res.cloudinary.com/dcz6avkds/video/upload/v1773844502/audio_file/level01/01_6bfa1dbf-a.mp3,easy
I do n't like heavy metal music .,https://res.cloudinary.com/dcz6avkds/video/upload/v1773844504/audio_file/level01/01_1395f21d-f.mp3,easy
John did n't know why Amanda was so angry at him .,https://res.cloudinary.com/dcz6avkds/video/upload/v1773844507/audio_file/level01/01_c744ebc8-4.mp3,easy
I do n't know where I 'm going .,https://res.cloudinary.com/dcz6avkds/video/upload/v1773844509/audio_file/level01/01_c220d913-6.mp3,easy
All of you should leave .,https://res.cloudinary.com/dcz6avkds/video/upload/v1773844511/audio_file/level01/01_8cc71019-e.mp3,easy
I have lived in Japan as well as in Canada .,https://res.cloudinary.com/dcz6avkds/video/upload/v1773844513/audio_file/level01/01_1a01083d-d.mp3,easy
He won an award for best actor .,https://res.cloudinary.com/dcz6avkds/video/upload/v1773844515/audio_file/level01/01_5cc0fc2a-1.mp3,easy
I do n't know who she is .,https://res.cloudinary.com/dcz6avkds/video/upload/v1773844516/audio_file/level01/01_898bc8fe-7.mp3,easy
The area was best known for their pineapples .,https://res.cloudinary.com/dcz6avkds/video/upload/v1773844519/audio_file/level01/01_4f34f903-9.mp3,easy
None of them drink .,https://res.cloudinary.com/dcz6avkds/video/upload/v1773844520/audio_file/level01/01_451df4a9-1.mp3,easy
It started raining during our picnic .,https://res.cloudinary.com/dcz6avkds/video/upload/v1773844522/audio_file/level01/01_1fb25ebe-7.mp3,easy
He said he had to come .,https://res.cloudinary.com/dcz6avkds/video/upload/v1773844523/audio_file/level01/01_d56967ef-9.mp3,easy
I have never met his girlfriend but I have seen her .,https://res.cloudinary.com/dcz6avkds/video/upload/v1773844527/audio_file/level01/01_677a1865-3.mp3,easy
Is the dog safe to pet ?,https://res.cloudinary.com/dcz6avkds/video/upload/v1773844530/audio_file/level01/01_9a0eb8f4-9.mp3,easy
It is close to our house .,https://res.cloudinary.com/dcz6avkds/video/upload/v1773844532/audio_file/level01/01_57523a1e-6.mp3,easy
The train stopped suddenly .,https://res.cloudinary.com/dcz6avkds/video/upload/v1773844534/audio_file/level01/01_fd9ff9ce-c.mp3,easy
The doors must be locked by midnight .,https://res.cloudinary.com/dcz6avkds/video/upload/v1773844535/audio_file/level01/01_52d10527-3.mp3,easy
I wish I could find my other sock .,https://res.cloudinary.com/dcz6avkds/video/upload/v1773844538/audio_file/level01/01_7bcd98e2-7.mp3,easy
Latin is a dead language .,https://res.cloudinary.com/dcz6avkds/video/upload/v1773844540/audio_file/level01/01_23b28ab8-1.mp3,easy
Who is your favorite illustrator ?,https://res.cloudinary.com/dcz6avkds/video/upload/v1773844542/audio_file/level01/01_b44b6d23-7.mp3,easy
Shall we start the conference now ?,https://res.cloudinary.com/dcz6avkds/video/upload/v1773844543/audio_file/level01/01_c8208f80-4.mp3,easy
Eating more vegetables will help you to feel better .,https://res.cloudinary.com/dcz6avkds/video/upload/v1773844546/audio_file/level01/01_de058b50-a.mp3,easy
Tell him when to leave .,https://res.cloudinary.com/dcz6avkds/video/upload/v1773844547/audio_file/level01/01_a472e9b0-a.mp3,easy
We always see red fruit in the autumn .,https://res.cloudinary.com/dcz6avkds/video/upload/v1773844549/audio_file/level01/01_a67fcec5-b.mp3,easy
We saw a brown mouse run across the road .,https://res.cloudinary.com/dcz6avkds/video/upload/v1773844551/audio_file/level01/01_d1c0c0e1-9.mp3,easy
He has done more than anyone else .,https://res.cloudinary.com/dcz6avkds/video/upload/v1773844554/audio_file/level01/01_9a58ce07-a.mp3,easy
She 's inviting all her friends to the picnic .,https://res.cloudinary.com/dcz6avkds/video/upload/v1773844556/audio_file/level01/01_22a7f182-7.mp3,easy
She knows a place where we can go .,https://res.cloudinary.com/dcz6avkds/video/upload/v1773844558/audio_file/level01/01_993b074c-6.mp3,easy
Her grandfather loved his steak rare .,https://res.cloudinary.com/dcz6avkds/video/upload/v1773844559/audio_file/level01/01_d1fcd0ca-c.mp3,easy
Let 's eat fish as many times as possible .,https://res.cloudinary.com/dcz6avkds/video/upload/v1773844561/audio_file/level01/01_6a6eaedf-9.mp3,easy
Have you lost your mind ?,https://res.cloudinary.com/dcz6avkds/video/upload/v1773844563/audio_file/level01/01_25a9433e-d.mp3,easy
The dogs started to fight .,https://res.cloudinary.com/dcz6avkds/video/upload/v1773844564/audio_file/level01/01_2b69e649-3.mp3,easy
Is there enough water ?,https://res.cloudinary.com/dcz6avkds/video/upload/v1773844565/audio_file/level01/01_3553dc15-9.mp3,easy
I buy my bread from a local baker .,https://res.cloudinary.com/dcz6avkds/video/upload/v1773844566/audio_file/level01/01_242ad740-1.mp3,easy
Her leg was broken in the crash .,https://res.cloudinary.com/dcz6avkds/video/upload/v1773844568/audio_file/level01/01_0bb2d702-6.mp3,easy
I 'd like you to set the table for dinner .,https://res.cloudinary.com/dcz6avkds/video/upload/v1773844570/audio_file/level01/01_c0d45692-a.mp3,easy
My mother - in- law died three years ago .,https://res.cloudinary.com/dcz6avkds/video/upload/v1773844572/audio_file/level01/01_d756be05-a.mp3,easy
He pressed the leaf in the pages of an old book .,https://res.cloudinary.com/dcz6avkds/video/upload/v1773844574/audio_file/level01/01_36909aed-0.mp3,easy
I made dinner while you were napping .,https://res.cloudinary.com/dcz6avkds/video/upload/v1773844575/audio_file/level01/01_6cda7ec7-1.mp3,easy
It has been raining since Tuesday .,https://res.cloudinary.com/dcz6avkds/video/upload/v1773844577/audio_file/level01/01_122bb949-3.mp3,easy
I have n't mailed it yet .,https://res.cloudinary.com/dcz6avkds/video/upload/v1773844578/audio_file/level01/01_0334d965-6.mp3,easy
It was then that I saw her .,https://res.cloudinary.com/dcz6avkds/video/upload/v1773844580/audio_file/level01/01_13aeb4a5-d.mp3,easy
"If it had been yours , you 'd cry .",https://res.cloudinary.com/dcz6avkds/video/upload/v1773844581/audio_file/level01/01_7282edd4-f.mp3,easy
My grandson visits often .,https://res.cloudinary.com/dcz6avkds/video/upload/v1773844583/audio_file/level01/01_80b16932-2.mp3,easy
She is the woman whose research has been published .,https://res.cloudinary.com/dcz6avkds/video/upload/v1773844584/audio_file/level01/01_5d8cf3a8-d.mp3,easy
Put away the winter pajamas .,https://res.cloudinary.com/dcz6avkds/video/upload/v1773844586/audio_file/level01/01_2111bcec-3.mp3,easy
Have you done it yet ?,https://res.cloudinary.com/dcz6avkds/video/upload/v1773844587/audio_file/level01/01_27ea2e89-1.mp3,easy
Tokyo is preparing for the 2020 Olympics .,https://res.cloudinary.com/dcz6avkds/video/upload/v1773844589/audio_file/level01/01_6ac5a6cd-d.mp3,easy
I 've never been outside of Japan .,https://res.cloudinary.com/dcz6avkds/video/upload/v1773844590/audio_file/level01/01_282670aa-e.mp3,easy
The teacher often gave out chocolate .,https://res.cloudinary.com/dcz6avkds/video/upload/v1773844592/audio_file/level01/01_dc3cabb1-8.mp3,easy
We had lobster for Jake 's birthday dinner .,https://res.cloudinary.com/dcz6avkds/video/upload/v1773844594/audio_file/level01/01_ee752945-f.mp3,easy
"If we had known , we 'd have come .",https://res.cloudinary.com/dcz6avkds/video/upload/v1773844596/audio_file/level01/01_01c2c403-b.mp3,easy
None of them were confident they would win .,https://res.cloudinary.com/dcz6avkds/video/upload/v1773844598/audio_file/level01/01_3f245735-1.mp3,easy
He liked his beef medium rare .,https://res.cloudinary.com/dcz6avkds/video/upload/v1773844599/audio_file/level01/01_608b9148-4.mp3,easy
Pick up your pajamas .,https://res.cloudinary.com/dcz6avkds/video/upload/v1773844601/audio_file/level01/01_d9f9b454-d.mp3,easy
I find it easy to sleep .,https://res.cloudinary.com/dcz6avkds/video/upload/v1773844602/audio_file/level01/01_baf75b3c-9.mp3,easy
Do you know what the kids ate for dinner last night ?,https://res.cloudinary.com/dcz6avkds/video/upload/v1773844604/audio_file/level01/01_c34e1a99-c.mp3,easy
The highway is faster .,https://res.cloudinary.com/dcz6avkds/video/upload/v1773844605/audio_file/level01/01_b74eaaaa-d.mp3,easy
I wish I could be your friend .,https://res.cloudinary.com/dcz6avkds/video/upload/v1773844606/audio_file/level01/01_4a508372-1.mp3,easy
There were several lobsters in the tank .,https://res.cloudinary.com/dcz6avkds/video/upload/v1773844608/audio_file/level01/01_4e5b3504-6.mp3,easy
What a gorgeous sunset !,https://res.cloudinary.com/dcz6avkds/video/upload/v1773844610/audio_file/level01/01_97b662ff-f.mp3,easy
This is an area where most people drive rather than walk .,https://res.cloudinary.com/dcz6avkds/video/upload/v1773844612/audio_file/level01/01_d9668c0b-1.mp3,easy
Can anyone lend me a pencil ?,https://res.cloudinary.com/dcz6avkds/video/upload/v1773844613/audio_file/level01/01_d0c370d3-1.mp3,easy
There are few girls in the soccer team .,https://res.cloudinary.com/dcz6avkds/video/upload/v1773844615/audio_file/level01/01_bfb1e5d8-7.mp3,easy
Everyone needs healthy food .,https://res.cloudinary.com/dcz6avkds/video/upload/v1773844616/audio_file/level01/01_24f6920e-9.mp3,easy
You are as beautiful as ever to me .,https://res.cloudinary.com/dcz6avkds/video/upload/v1773844618/audio_file/level01/01_e906db14-8.mp3,easy
She put makeup on every day .,https://res.cloudinary.com/dcz6avkds/video/upload/v1773844619/audio_file/level01/01_aabec83f-f.mp3,easy
What a boring teacher !,https://res.cloudinary.com/dcz6avkds/video/upload/v1773844621/audio_file/level01/01_83844601-7.mp3,easy
That is the house where she works as a maid .,https://res.cloudinary.com/dcz6avkds/video/upload/v1773844623/audio_file/level01/01_fc09aad1-b.mp3,easy
They stood watching us from the window .,https://res.cloudinary.com/dcz6avkds/video/upload/v1773844624/audio_file/level01/01_ef9e002c-0.mp3,easy
I wish I could go back in time .,https://res.cloudinary.com/dcz6avkds/video/upload/v1773844625/audio_file/level01/01_a568333b-4.mp3,easy
She is a woman whom many people respect .,https://res.cloudinary.com/dcz6avkds/video/upload/v1773844627/audio_file/level01/01_19b4353c-5.mp3,easy
My grandmother was always wonderful at telling bedtime stories .,https://res.cloudinary.com/dcz6avkds/video/upload/v1773844629/audio_file/level01/01_be4bbcfa-8.mp3,easy
The police came looking for the thief .,https://res.cloudinary.com/dcz6avkds/video/upload/v1773844630/audio_file/level01/01_e96777ea-0.mp3,easy
The story brought us hope .,https://res.cloudinary.com/dcz6avkds/video/upload/v1773844632/audio_file/level01/01_002a5f14-1.mp3,easy
He was a respected man in his community .,https://res.cloudinary.com/dcz6avkds/video/upload/v1773844634/audio_file/level01/01_7d3afca2-2.mp3,easy
Those musicians ' guitars were stolen .,https://res.cloudinary.com/dcz6avkds/video/upload/v1773844635/audio_file/level01/01_8d88b399-c.mp3,easy
Her eyes were as kind as ever .,https://res.cloudinary.com/dcz6avkds/video/upload/v1773844636/audio_file/level01/01_40f5e4ba-0.mp3,easy
The children have already gone to sleep .,https://res.cloudinary.com/dcz6avkds/video/upload/v1773844638/audio_file/level01/01_48a4f656-0.mp3,easy
Tokyo is one of the most exciting cities in the world .,https://res.cloudinary.com/dcz6avkds/video/upload/v1773844640/audio_file/level01/01_643759e0-b.mp3,easy
That was the day when she knew her life had changed .,https://res.cloudinary.com/dcz6avkds/video/upload/v1773844641/audio_file/level01/01_41ed5f10-7.mp3,easy
"In order to get there on time , he left work early .",https://res.cloudinary.com/dcz6avkds/video/upload/v1773844643/audio_file/level01/01_bc577b77-5.mp3,easy
She received a ring from her boyfriend .,https://res.cloudinary.com/dcz6avkds/video/upload/v1773844644/audio_file/level01/01_286c223f-6.mp3,easy
There was a girl killed here yesterday .,https://res.cloudinary.com/dcz6avkds/video/upload/v1773844646/audio_file/level01/01_f099c442-f.mp3,easy
Did your wife come with you ?,https://res.cloudinary.com/dcz6avkds/video/upload/v1773844647/audio_file/level01/01_ca755ed4-2.mp3,easy
There are plans to build a new library at my school .,https://res.cloudinary.com/dcz6avkds/video/upload/v1773844649/audio_file/level01/01_f124891e-9.mp3,easy
I slept while he was gone .,https://res.cloudinary.com/dcz6avkds/video/upload/v1773844650/audio_file/level01/01_27be8733-f.mp3,easy
He 's my big brother .,https://res.cloudinary.com/dcz6avkds/video/upload/v1773844651/audio_file/level01/01_ebfba508-8.mp3,easy
He is a man whom I trust .,https://res.cloudinary.com/dcz6avkds/video/upload/v1773844652/audio_file/level01/01_6e3e70ed-1.mp3,easy
Why do you always wear sneakers ?,https://res.cloudinary.com/dcz6avkds/video/upload/v1773844654/audio_file/level01/01_cf379d29-e.mp3,easy
My dog died when I was five .,https://res.cloudinary.com/dcz6avkds/video/upload/v1773844655/audio_file/level01/01_cc05982d-1.mp3,easy
I need a place to put my bag .,https://res.cloudinary.com/dcz6avkds/video/upload/v1773844657/audio_file/level01/01_af55030d-7.mp3,easy
It 's too windy to sit outside .,https://res.cloudinary.com/dcz6avkds/video/upload/v1773844658/audio_file/level01/01_f2a0de7b-d.mp3,easy
I love my cashmere sweater !,https://res.cloudinary.com/dcz6avkds/video/upload/v1773844660/audio_file/level01/01_f1749918-4.mp3,easy
That clock is five minutes fast .,https://res.cloudinary.com/dcz6avkds/video/upload/v1773844661/audio_file/level01/01_d03603ee-c.mp3,easy
You must teach her where to go .,https://res.cloudinary.com/dcz6avkds/video/upload/v1773844662/audio_file/level01/01_c1472b33-6.mp3,easy
Jill was always excited to eat melons .,https://res.cloudinary.com/dcz6avkds/video/upload/v1773844664/audio_file/level01/01_d44c9bc6-e.mp3,easy
You may go to the concert if you pay for it .,https://res.cloudinary.com/dcz6avkds/video/upload/v1773844665/audio_file/level01/01_f649f0c7-5.mp3,easy
Where are my khaki shorts ?,https://res.cloudinary.com/dcz6avkds/video/upload/v1773844667/audio_file/level01/01_13568251-7.mp3,easy
He ran across the basketball court .,https://res.cloudinary.com/dcz6avkds/video/upload/v1773844669/audio_file/level01/01_37f81dd6-1.mp3,easy
"If it was his , where did it go ?",https://res.cloudinary.com/dcz6avkds/video/upload/v1773844670/audio_file/level01/01_28fd7e7d-2.mp3,easy
Keep your knees up when you jump .,https://res.cloudinary.com/dcz6avkds/video/upload/v1773844671/audio_file/level01/01_57afa0c1-e.mp3,easy
I am very content with life and every day is filled with laughter .,https://res.cloudinary.com/dcz6avkds/video/upload/v1773844673/audio_file/level01/01_d13e4430-9.mp3,easy
Vegetables are very healthy for you .,https://res.cloudinary.com/dcz6avkds/video/upload/v1773844675/audio_file/level01/01_4654f5e5-8.mp3,easy
I lost my gold ring .,https://res.cloudinary.com/dcz6avkds/video/upload/v1773844676/audio_file/level01/01_09e67b9a-5.mp3,easy
I am not sad either .,https://res.cloudinary.com/dcz6avkds/video/upload/v1773844678/audio_file/level01/01_78eb7423-1.mp3,easy
She is a woman whom many people like .,https://res.cloudinary.com/dcz6avkds/video/upload/v1773844679/audio_file/level01/01_956d06bc-5.mp3,easy
Stadium food is expensive .,https://res.cloudinary.com/dcz6avkds/video/upload/v1773844680/audio_file/level01/01_74a329db-3.mp3,easy
He left early in order to get home .,https://res.cloudinary.com/dcz6avkds/video/upload/v1773844682/audio_file/level01/01_f97e80be-6.mp3,easy
She had to start over .,https://res.cloudinary.com/dcz6avkds/video/upload/v1773844684/audio_file/level01/01_97ec4357-b.mp3,easy
Turkey sandwich was her favorite .,https://res.cloudinary.com/dcz6avkds/video/upload/v1773844685/audio_file/level01/01_0619c51e-c.mp3,easy
She said I could borrow hers .,https://res.cloudinary.com/dcz6avkds/video/upload/v1773844687/audio_file/level01/01_0df4ac59-7.mp3,easy
I wish I could tell them that I forgive them .,https://res.cloudinary.com/dcz6avkds/video/upload/v1773844688/audio_file/level01/01_35fe3b6e-0.mp3,easy
She was the woman whose name was forgotten .,https://res.cloudinary.com/dcz6avkds/video/upload/v1773844690/audio_file/level01/01_59f731f7-9.mp3,easy
There was nothing to save after the fire .,https://res.cloudinary.com/dcz6avkds/video/upload/v1773844692/audio_file/level01/01_9f3e8e0b-6.mp3,easy
She will do it as soon as she comes back from lunch .,https://res.cloudinary.com/dcz6avkds/video/upload/v1773844693/audio_file/level01/01_d54425b7-6.mp3,easy
All the dishes were broken in the earthquake .,https://res.cloudinary.com/dcz6avkds/video/upload/v1773844695/audio_file/level01/01_89183c17-e.mp3,easy
My flight leaves at two o'clock .,https://res.cloudinary.com/dcz6avkds/video/upload/v1773844696/audio_file/level01/01_05c766cf-1.mp3,easy
Some students did n't come to class .,https://res.cloudinary.com/dcz6avkds/video/upload/v1773844697/audio_file/level01/01_e1b5492b-a.mp3,easy
I could n't believe what he said .,https://res.cloudinary.com/dcz6avkds/video/upload/v1773844699/audio_file/level01/01_e2f5633b-2.mp3,easy
I have lunch after third period .,https://res.cloudinary.com/dcz6avkds/video/upload/v1773844700/audio_file/level01/01_6b036ee3-f.mp3,easy
Do you know what book he was reading ?,https://res.cloudinary.com/dcz6avkds/video/upload/v1773844702/audio_file/level01/01_27f9d595-1.mp3,easy
The room started to shake .,https://res.cloudinary.com/dcz6avkds/video/upload/v1773844703/audio_file/level01/01_5d308477-e.mp3,easy
Can you teach her how to walk ?,https://res.cloudinary.com/dcz6avkds/video/upload/v1773844704/audio_file/level01/01_c0bf805c-7.mp3,easy
She works on Wall Street .,https://res.cloudinary.com/dcz6avkds/video/upload/v1773844706/audio_file/level01/01_c65ed8f8-e.mp3,easy
You can find the contractor in his office .,https://res.cloudinary.com/dcz6avkds/video/upload/v1773844708/audio_file/level01/01_cf0de9f5-1.mp3,easy
He never listens to what I say .,https://res.cloudinary.com/dcz6avkds/video/upload/v1773844709/audio_file/level01/01_b921d51f-6.mp3,easy
I 'd be so happy if she lived here .,https://res.cloudinary.com/dcz6avkds/video/upload/v1773844710/audio_file/level01/01_508492d3-d.mp3,easy
Green vegetables are always good for you .,https://res.cloudinary.com/dcz6avkds/video/upload/v1773844712/audio_file/level01/01_3a709fc4-c.mp3,easy
How long ago did it happen ?,https://res.cloudinary.com/dcz6avkds/video/upload/v1773844714/audio_file/level01/01_ebcf4119-b.mp3,easy
He 's very good at taking care of children .,https://res.cloudinary.com/dcz6avkds/video/upload/v1773844716/audio_file/level01/01_c4d0a7d2-d.mp3,easy
I do n't know how he did it .,https://res.cloudinary.com/dcz6avkds/video/upload/v1773844717/audio_file/level01/01_8a64650b-4.mp3,easy
She is very excited about her upcoming trip .,https://res.cloudinary.com/dcz6avkds/video/upload/v1773844718/audio_file/level01/01_8b0ff560-9.mp3,easy
How many children do you have ?,https://res.cloudinary.com/dcz6avkds/video/upload/v1773844720/audio_file/level01/01_e404adb3-6.mp3,easy
It was past twelve when we arrived home .,https://res.cloudinary.com/dcz6avkds/video/upload/v1773844722/audio_file/level01/01_6990865a-e.mp3,easy
I wish I were smarter .,https://res.cloudinary.com/dcz6avkds/video/upload/v1773844723/audio_file/level01/01_73cfbc48-f.mp3,easy
That 's the house where guests stay .,https://res.cloudinary.com/dcz6avkds/video/upload/v1773844724/audio_file/level01/01_128589e4-b.mp3,easy
Mother loved mixing cream with everything .,https://res.cloudinary.com/dcz6avkds/video/upload/v1773844726/audio_file/level01/01_2018671c-f.mp3,easy
I wish I could go to bed instead of doing all this homework .,https://res.cloudinary.com/dcz6avkds/video/upload/v1773844728/audio_file/level01/01_226e8ce1-c.mp3,easy
What would you do if you were me ?,https://res.cloudinary.com/dcz6avkds/video/upload/v1773844730/audio_file/level01/01_4d28ccf1-7.mp3,easy
Do you have kids ? How many ?,https://res.cloudinary.com/dcz6avkds/video/upload/v1773844731/audio_file/level01/01_7513a1f8-8.mp3,easy
Would you mind if our friends came with us ?,https://res.cloudinary.com/dcz6avkds/video/upload/v1773844733/audio_file/level01/01_006640e0-3.mp3,easy
That was the day when we saw it .,https://res.cloudinary.com/dcz6avkds/video/upload/v1773844734/audio_file/level01/01_603e7ed7-4.mp3,easy
I did n't tell her to go .,https://res.cloudinary.com/dcz6avkds/video/upload/v1773844736/audio_file/level01/01_f0c25593-f.mp3,easy
Nobody had enough money .,https://res.cloudinary.com/dcz6avkds/video/upload/v1773844738/audio_file/level01/01_d30d248c-2.mp3,easy
The baby kept crying .,https://res.cloudinary.com/dcz6avkds/video/upload/v1773844739/audio_file/level01/01_5b8c45ff-7.mp3,easy
Have you already done it ?,https://res.cloudinary.com/dcz6avkds/video/upload/v1773844740/audio_file/level01/01_6583db7b-7.mp3,easy
Have you been staying up late ?,https://res.cloudinary.com/dcz6avkds/video/upload/v1773844742/audio_file/level01/01_168cfc47-7.mp3,easy
Larry has a shark 's tooth .,https://res.cloudinary.com/dcz6avkds/video/upload/v1773844743/audio_file/level01/01_cc0d170e-c.mp3,easy
Whales are generally peaceful animals .,https://res.cloudinary.com/dcz6avkds/video/upload/v1773844745/audio_file/level01/01_47ffbf8b-d.mp3,easy
She placed her bag on the floor .,https://res.cloudinary.com/dcz6avkds/video/upload/v1773844746/audio_file/level01/01_53eca2c7-e.mp3,easy
This school has many hard -working teachers .,https://res.cloudinary.com/dcz6avkds/video/upload/v1773844748/audio_file/level01/01_62a841b1-6.mp3,easy
They may be at the restaurant already .,https://res.cloudinary.com/dcz6avkds/video/upload/v1773844750/audio_file/level01/01_543cdca7-7.mp3,easy
Each story is different from the others .,https://res.cloudinary.com/dcz6avkds/video/upload/v1773844752/audio_file/level01/01_d5c27c38-9.mp3,easy
They went skiing last winter .,https://res.cloudinary.com/dcz6avkds/video/upload/v1773844753/audio_file/level01/01_6673f28f-1.mp3,easy
She strained her neck .,https://res.cloudinary.com/dcz6avkds/video/upload/v1773844754/audio_file/level01/01_e9a6bc5b-8.mp3,easy
Have you changed your hairstyle ?,https://res.cloudinary.com/dcz6avkds/video/upload/v1773844757/audio_file/level01/01_fafdf40b-8.mp3,easy
College is expensive to go to .,https://res.cloudinary.com/dcz6avkds/video/upload/v1773844758/audio_file/level01/01_64d35b21-e.mp3,easy
That child has a puppy .,https://res.cloudinary.com/dcz6avkds/video/upload/v1773844759/audio_file/level01/01_bee86f2c-4.mp3,easy
I would like you to do it before dinner .,https://res.cloudinary.com/dcz6avkds/video/upload/v1773844761/audio_file/level01/01_58ef97d1-c.mp3,easy
Could you lend me that book ?,https://res.cloudinary.com/dcz6avkds/video/upload/v1773844762/audio_file/level01/01_95f851a3-a.mp3,easy
The staff have n't opened the office yet .,https://res.cloudinary.com/dcz6avkds/video/upload/v1773844764/audio_file/level01/01_3f857f50-d.mp3,easy
David sent his friend a wedding gift .,https://res.cloudinary.com/dcz6avkds/video/upload/v1773844770/audio_file/level01/01_de233e4e-f.mp3,easy
She has already arrived .,https://res.cloudinary.com/dcz6avkds/video/upload/v1773844771/audio_file/level01/01_f9fa901b-6.mp3,easy
He needs to make it clear .,https://res.cloudinary.com/dcz6avkds/video/upload/v1773844772/audio_file/level01/01_4d5e6cd4-4.mp3,easy
She had warm brown eyes .,https://res.cloudinary.com/dcz6avkds/video/upload/v1773844773/audio_file/level01/01_75db6ed0-3.mp3,easy
He gave the boys some money to buy their mother some flowers .,https://res.cloudinary.com/dcz6avkds/video/upload/v1773844775/audio_file/level01/01_56b9d082-6.mp3,easy
I did n't know where you went .,https://res.cloudinary.com/dcz6avkds/video/upload/v1773844776/audio_file/level01/01_cd68efb1-a.mp3,easy
I told her to visit again soon .,https://res.cloudinary.com/dcz6avkds/video/upload/v1773844778/audio_file/level01/01_f7facad5-3.mp3,easy
I told her to call me if there was any news on his condition .,https://res.cloudinary.com/dcz6avkds/video/upload/v1773844780/audio_file/level01/01_9168b7b4-b.mp3,easy
I wish I had a friend .,https://res.cloudinary.com/dcz6avkds/video/upload/v1773844781/audio_file/level01/01_fa7a2871-c.mp3,easy
I 've never seen a movie about frogs .,https://res.cloudinary.com/dcz6avkds/video/upload/v1773844783/audio_file/level01/01_af697fcd-b.mp3,easy
It is in the mountains where you see beautiful trees .,https://res.cloudinary.com/dcz6avkds/video/upload/v1773844784/audio_file/level01/01_c5893f33-b.mp3,easy
Have you ever gone to sleep on a train ?,https://res.cloudinary.com/dcz6avkds/video/upload/v1773844785/audio_file/level01/01_dc4eb34f-e.mp3,easy
There have been fights .,https://res.cloudinary.com/dcz6avkds/video/upload/v1773844788/audio_file/level01/01_ba16303b-3.mp3,easy
Ben must like his new car a lot .,https://res.cloudinary.com/dcz6avkds/video/upload/v1773844789/audio_file/level01/01_de65bf1e-f.mp3,easy
Who is the author of that book ?,https://res.cloudinary.com/dcz6avkds/video/upload/v1773844790/audio_file/level01/01_1331d202-0.mp3,easy
We have to change planes in New York .,https://res.cloudinary.com/dcz6avkds/video/upload/v1773844792/audio_file/level01/01_df3127e0-8.mp3,easy
She joined the U.S. Sailing Team .,https://res.cloudinary.com/dcz6avkds/video/upload/v1773844793/audio_file/level01/01_0d13faab-7.mp3,easy
The students were bored .,https://res.cloudinary.com/dcz6avkds/video/upload/v1773844794/audio_file/level01/01_60796ab3-5.mp3,easy
I forgot my slippers but she let me borrow hers .,https://res.cloudinary.com/dcz6avkds/video/upload/v1773844796/audio_file/level01/01_a6414f9b-b.mp3,easy
She is usually understanding .,https://res.cloudinary.com/dcz6avkds/video/upload/v1773844797/audio_file/level01/01_9edcf593-d.mp3,easy
Do you know what you 're doing this weekend ?,https://res.cloudinary.com/dcz6avkds/video/upload/v1773844799/audio_file/level01/01_e76be52f-7.mp3,easy
You may drive my car .,https://res.cloudinary.com/dcz6avkds/video/upload/v1773844800/audio_file/level01/01_bf4db124-2.mp3,easy
It 's easy to buy silk in Asia .,https://res.cloudinary.com/dcz6avkds/video/upload/v1773844801/audio_file/level01/01_3894a590-f.mp3,easy
"We were very close to going to France , but the flight was canceled .",https://res.cloudinary.com/dcz6avkds/video/upload/v1773844803/audio_file/level01/01_69512979-9.mp3,easy
Blouses are more feminine than shirts .,https://res.cloudinary.com/dcz6avkds/video/upload/v1773844805/audio_file/level01/01_413f19a7-f.mp3,easy
Will you allow us to go ?,https://res.cloudinary.com/dcz6avkds/video/upload/v1773844806/audio_file/level01/01_f86e704f-4.mp3,easy
He recently started boxing .,https://res.cloudinary.com/dcz6avkds/video/upload/v1773844807/audio_file/level01/01_1d3fd238-9.mp3,easy
Not all people like to have their pictures taken .,https://res.cloudinary.com/dcz6avkds/video/upload/v1773844809/audio_file/level01/01_a1395902-0.mp3,easy
I want to eat something sweet .,https://res.cloudinary.com/dcz6avkds/video/upload/v1773844811/audio_file/level01/01_557e4d1b-7.mp3,easy
These sneakers are so soft I could wear them to sleep in .,https://res.cloudinary.com/dcz6avkds/video/upload/v1773844812/audio_file/level01/01_e3e5f20e-4.mp3,easy
I shop where I see happy employees .,https://res.cloudinary.com/dcz6avkds/video/upload/v1773844814/audio_file/level01/01_3406e547-4.mp3,easy
Sometimes the baby would not stop crying .,https://res.cloudinary.com/dcz6avkds/video/upload/v1773844815/audio_file/level01/01_f1cce17e-7.mp3,easy
Do you have weekend plans ?,https://res.cloudinary.com/dcz6avkds/video/upload/v1773844817/audio_file/level01/01_21c11fbd-b.mp3,easy
There was a car parked next to the house .,https://res.cloudinary.com/dcz6avkds/video/upload/v1773844818/audio_file/level01/01_0bf6d6be-c.mp3,easy
He did n't know how he should state that .,https://res.cloudinary.com/dcz6avkds/video/upload/v1773844819/audio_file/level01/01_34c09d9b-1.mp3,easy
When was the last time you saw yours ?,https://res.cloudinary.com/dcz6avkds/video/upload/v1773844825/audio_file/level01/01_2452ee07-9.mp3,easy
She often shared her boots with her sister .,https://res.cloudinary.com/dcz6avkds/video/upload/v1773844827/audio_file/level01/01_a2008708-b.mp3,easy
It is difficult to see you in pain .,https://res.cloudinary.com/dcz6avkds/video/upload/v1773844829/audio_file/level01/01_b70b3c0c-2.mp3,easy
He has already opened all his birthday gifts .,https://res.cloudinary.com/dcz6avkds/video/upload/v1773844830/audio_file/level01/01_c6be1345-9.mp3,easy
That 's the house where we hope to live .,https://res.cloudinary.com/dcz6avkds/video/upload/v1773844832/audio_file/level01/01_d8588fed-7.mp3,easy
Have you been doing your homework ?,https://res.cloudinary.com/dcz6avkds/video/upload/v1773844833/audio_file/level01/01_10fb7036-7.mp3,easy
Today is another weekday .,https://res.cloudinary.com/dcz6avkds/video/upload/v1773844834/audio_file/level01/01_2db9aa2d-5.mp3,easy
