sentence,phonetic,audio_url,difficulty
"It's OK with me.","/ňą…™ts ňąo äňąke…™ ňąw…™√į ňąmi/","https://audio.tatoeba.org/sentences/eng/253066.mp3","pending"
"It's okay to go.","/ňą…™ts ňĆo äňąke…™ ňątu ňą…°o ä/","https://audio.tatoeba.org/sentences/eng/518554.mp3","pending"
"It's time to go.","/ňą…™ts ňąta…™m ňątu ňą…°o ä/","https://audio.tatoeba.org/sentences/eng/266757.mp3","pending"
"Just do it, Tom.","/ňąd í…ôst ňądu ňą…™t ňąt…Ďm/","https://audio.tatoeba.org/sentences/eng/2648994.mp3","pending"
"Lead is a metal.","/ňą…ę…õd ňą…™z ňąe…™ ňąm…õt…ô…ę/","https://audio.tatoeba.org/sentences/eng/1335021.mp3","pending"
"Let me go alone.","/ňą…ę…õt ňąmi ňą…°o ä …ôňą…ęo än/","https://audio.tatoeba.org/sentences/eng/27652.mp3","pending"
"Let me taste it.","/ňą…ę…õt ňąmi ňąte…™st ňą…™t/","https://audio.tatoeba.org/sentences/eng/3333981.mp3","pending"
"Let us help Tom.","/ňą…ę…õt ňą…ôs ňąh…õ…ęp ňąt…Ďm/","https://audio.tatoeba.org/sentences/eng/3333884.mp3","pending"
"Let's get a cab.","/ňą…ę…õts ňą…°…õt ňąe…™ ňąk√¶b/","https://audio.tatoeba.org/sentences/eng/1894546.mp3","pending"
"Let's go to bed.","/ňą…ę…õts ňą…°o ä ňątu ňąb…õd/","https://audio.tatoeba.org/sentences/eng/1617818.mp3","pending"
"Life can be fun.","/ňą…ęa…™f ňąk√¶n ňąbi ňąf…ôn/","https://audio.tatoeba.org/sentences/eng/4495312.mp3","pending"
"Look at the sky.","/ňą…ę äk ňą√¶t ňą√į…ô ňąska…™/","https://audio.tatoeba.org/sentences/eng/2648989.mp3","pending"
"May I borrow it?","/ňąme…™ ňąa…™ ňąb…ĎňĆ…Ļo ä ňą…™t/","https://audio.tatoeba.org/sentences/eng/2322084.mp3","pending"
"My book is here.","/ňąma…™ ňąb äk ňą…™z ňąhi…Ļ/","https://audio.tatoeba.org/sentences/eng/3107608.mp3","pending"
"My suit is gray.","/ňąma…™ ňąsut ňą…™z ňą…°…Ļe…™/","https://audio.tatoeba.org/sentences/eng/456473.mp3","pending"
"No one can tell.","/ňąno ä ňąw…ôn ňąk√¶n ňąt…õ…ę/","https://audio.tatoeba.org/sentences/eng/276491.mp3","pending"
"No one has come.","/ňąno ä ňąw…ôn ňąh√¶z ňąk…ôm/","https://audio.tatoeba.org/sentences/eng/4496720.mp3","pending"
"Now go have fun.","/ňąna ä ňą…°o ä ňąh√¶v ňąf…ôn/","https://audio.tatoeba.org/sentences/eng/2852133.mp3","pending"
"Now we know why.","/ňąna ä ňąwi ňąno ä ňąhwa…™/","https://audio.tatoeba.org/sentences/eng/4500505.mp3","pending"
"Pick me up 2:30.","/ňąp…™k ňąmi ňą…ôp 230/","https://audio.tatoeba.org/sentences/eng/3732155.mp3","pending"
"Put your hat on.","/ňąp ät ňąj…Ē…Ļ ňąh√¶t ňą…Ďn/","https://audio.tatoeba.org/sentences/eng/321117.mp3","pending"
"See you at work.","/ňąsi ňąju ňą√¶t ňąw…Ěk/","https://audio.tatoeba.org/sentences/eng/2648980.mp3","pending"
"She got up late.","/ňą Éi ňą…°…Ďt ňą…ôp ňą…ęe…™t/","https://audio.tatoeba.org/sentences/eng/313150.mp3","pending"
"She is not tall.","/ňą Éi ňą…™z ňąn…Ďt ňąt…Ē…ę/","https://audio.tatoeba.org/sentences/eng/437589.mp3","pending"
"She talks a lot.","/ňą Éi ňąt…Ēks ňąe…™ ňą…ę…Ďt/","https://audio.tatoeba.org/sentences/eng/312397.mp3","pending"
"She's on a roll.","/ňą Éiz ňą…Ďn ňąe…™ ňą…Ļo ä…ę/","https://audio.tatoeba.org/sentences/eng/317636.mp3","pending"
"Show me the way.","/ňą Éo ä ňąmi ňą√į…ô ňąwe…™/","https://audio.tatoeba.org/sentences/eng/3333872.mp3","pending"
"Slow down a bit.","/ňąs…ęo ä ňąda än ňąe…™ ňąb…™t/","https://audio.tatoeba.org/sentences/eng/4502185.mp3","pending"
"Stay in the car.","/ňąste…™ ňą…™n ňą√į…ô ňąk…Ď…Ļ/","https://audio.tatoeba.org/sentences/eng/2173236.mp3","pending"
"Talk to my boss.","/ňąt…Ēk ňątu ňąma…™ ňąb…Ďs/","https://audio.tatoeba.org/sentences/eng/2648976.mp3","pending"
"That dog is big.","/ňą√į√¶t ňąd…Ē…° ňą…™z ňąb…™…°/","https://audio.tatoeba.org/sentences/eng/68734.mp3","pending"
"That must be so.","/ňą√į√¶t ňąm…ôst ňąbi ňąso ä/","https://audio.tatoeba.org/sentences/eng/3735297.mp3","pending"
"That's all I do.","/ňą√į√¶ts ňą…Ē…ę ňąa…™ ňądu/","https://audio.tatoeba.org/sentences/eng/3334027.mp3","pending"
"The dog is dead.","/ňą√į…ô ňąd…Ē…° ňą…™z ňąd…õd/","https://audio.tatoeba.org/sentences/eng/508844.mp3","pending"
"The light is on.","/ňą√į…ô ňą…ęa…™t ňą…™z ňą…Ďn/","https://audio.tatoeba.org/sentences/eng/322968.mp3","pending"
"The sun has set.","/ňą√į…ô ňąs…ôn ňąh√¶z ňąs…õt/","https://audio.tatoeba.org/sentences/eng/1841571.mp3","pending"
"The well is dry.","/ňą√į…ô ňąw…õ…ę ňą…™z ňąd…Ļa…™/","https://audio.tatoeba.org/sentences/eng/49620.mp3","pending"
"They all did it.","/ňą√įe…™ ňą…Ē…ę ňąd…™d ňą…™t/","https://audio.tatoeba.org/sentences/eng/1619865.mp3","pending"
"They had a boat.","/ňą√įe…™ ňąh√¶d ňąe…™ ňąbo ät/","https://audio.tatoeba.org/sentences/eng/3128592.mp3","pending"
"They told me so.","/ňą√įe…™ ňąto ä…ęd ňąmi ňąso ä/","https://audio.tatoeba.org/sentences/eng/3735298.mp3","pending"
"This dog is big.","/ňą√į…™s ňąd…Ē…° ňą…™z ňąb…™…°/","https://audio.tatoeba.org/sentences/eng/59419.mp3","pending"
"This is my book.","/ňą√į…™s ňą…™z ňąma…™ ňąb äk/","https://audio.tatoeba.org/sentences/eng/463306.mp3","pending"
"This is my fate.","/ňą√į…™s ňą…™z ňąma…™ ňąfe…™t/","https://audio.tatoeba.org/sentences/eng/1797653.mp3","pending"
"This is the end.","/ňą√į…™s ňą…™z ňą√į…ô ňą…õnd/","https://audio.tatoeba.org/sentences/eng/56074.mp3","pending"
"This is too big.","/ňą√į…™s ňą…™z ňątu ňąb…™…°/","https://audio.tatoeba.org/sentences/eng/55535.mp3","pending"
"Tom also saw it.","/ňąt…Ďm ňą…Ē…ęso ä ňąs…Ē ňą…™t/","https://audio.tatoeba.org/sentences/eng/2955510.mp3","pending"
"Tom bit his lip.","/ňąt…Ďm ňąb…™t ňąh…™z ňą…ę…™p/","https://audio.tatoeba.org/sentences/eng/1960907.mp3","pending"
"Tom can help me.","/ňąt…Ďm ňąk√¶n ňąh…õ…ęp ňąmi/","https://audio.tatoeba.org/sentences/eng/2648964.mp3","pending"
"Tom cried a lot.","/ňąt…Ďm ňąk…Ļa…™d ňąe…™ ňą…ę…Ďt/","https://audio.tatoeba.org/sentences/eng/2648957.mp3","pending"
"Tom died in bed.","/ňąt…Ďm ňąda…™d ňą…™n ňąb…õd/","https://audio.tatoeba.org/sentences/eng/2956614.mp3","pending"
"Tom fed the dog.","/ňąt…Ďm ňąf…õd ňą√į…ô ňąd…Ē…°/","https://audio.tatoeba.org/sentences/eng/2549471.mp3","pending"
"Tom got the job.","/ňąt…Ďm ňą…°…Ďt ňą√į…ô ňąd í…Ďb/","https://audio.tatoeba.org/sentences/eng/4667257.mp3","pending"
"Tom has done it.","/ňąt…Ďm ňąh√¶z ňąd…ôn ňą…™t/","https://audio.tatoeba.org/sentences/eng/2272717.mp3","pending"
"Tom is a busboy.","/ňąt…Ďm ňą…™z ňąe…™ ňąb…ôsňĆb…Ē…™/","https://audio.tatoeba.org/sentences/eng/2272767.mp3","pending"
"Tom is a golfer.","/ňąt…Ďm ňą…™z ňąe…™ ňą…°…Ď…ęf…Ě/","https://audio.tatoeba.org/sentences/eng/1522190.mp3","pending"
"Tom is a singer.","/ňąt…Ďm ňą…™z ňąe…™ ňąs…™Ňč…Ě/","https://audio.tatoeba.org/sentences/eng/4731529.mp3","pending"
"Tom is an idiot.","/ňąt…Ďm ňą…™z ňą√¶n ňą…™ňĆdi…ôt/","https://audio.tatoeba.org/sentences/eng/2272951.mp3","pending"
"Tom is busy now.","/ňąt…Ďm ňą…™z ňąb…™zi ňąna ä/","https://audio.tatoeba.org/sentences/eng/2648938.mp3","pending"
"Tom is doing OK.","/ňąt…Ďm ňą…™z ňądu…™Ňč ňąo äňąke…™/","https://audio.tatoeba.org/sentences/eng/2273102.mp3","pending"
"Tom is here now.","/ňąt…Ďm ňą…™z ňąhi…Ļ ňąna ä/","https://audio.tatoeba.org/sentences/eng/2273203.mp3","pending"
"Tom is in shock.","/ňąt…Ďm ňą…™z ňą…™n ňą É…Ďk/","https://audio.tatoeba.org/sentences/eng/2273239.mp3","pending"
"Tom is no angel.","/ňąt…Ďm ňą…™z ňąno ä ňąe…™nd í…ô…ę/","https://audio.tatoeba.org/sentences/eng/3956454.mp3","pending"
"Tom is so funny.","/ňąt…Ďm ňą…™z ňąso ä ňąf…ôni/","https://audio.tatoeba.org/sentences/eng/4495293.mp3","pending"
"Tom is the boss.","/ňąt…Ďm ňą…™z ňą√į…ô ňąb…Ďs/","https://audio.tatoeba.org/sentences/eng/1868155.mp3","pending"
"Tom is very sad.","/ňąt…Ďm ňą…™z ňąv…õ…Ļi ňąs√¶d/","https://audio.tatoeba.org/sentences/eng/2273607.mp3","pending"
"Tom isn't a cop.","/ňąt…Ďm ňą…™z…ôn ňąe…™ ňąk…Ďp/","https://audio.tatoeba.org/sentences/eng/2648934.mp3","pending"
"Tom just did it.","/ňąt…Ďm ňąd í…ôst ňąd…™d ňą…™t/","https://audio.tatoeba.org/sentences/eng/3736515.mp3","pending"
"Tom lit a match.","/ňąt…Ďm ňą…ę…™t ňąe…™ ňąm√¶t É/","https://audio.tatoeba.org/sentences/eng/2549462.mp3","pending"
"Tom made a wish.","/ňąt…Ďm ňąme…™d ňąe…™ ňąw…™ É/","https://audio.tatoeba.org/sentences/eng/2549461.mp3","pending"
"Tom sang for us.","/ňąt…Ďm ňąs√¶Ňč ňąf…Ē…Ļ ňą…ôs/","https://audio.tatoeba.org/sentences/eng/4502157.mp3","pending"
"Tom saw a ghost.","/ňąt…Ďm ňąs…Ē ňąe…™ ňą…°o äst/","https://audio.tatoeba.org/sentences/eng/1488471.mp3","pending"
"Tom shot a deer.","/ňąt…Ďm ňą É…Ďt ňąe…™ ňąd…™…Ļ/","https://audio.tatoeba.org/sentences/eng/3171197.mp3","pending"
"Tom took my car.","/ňąt…Ďm ňąt äk ňąma…™ ňąk…Ď…Ļ/","https://audio.tatoeba.org/sentences/eng/2648916.mp3","pending"
"Tom was a coach.","/ňąt…Ďm ňąw…Ďz ňąe…™ ňąko ät É/","https://audio.tatoeba.org/sentences/eng/4496644.mp3","pending"
"Tom was a miner.","/ňąt…Ďm ňąw…Ďz ňąe…™ ňąma…™n…Ě/","https://audio.tatoeba.org/sentences/eng/3822417.mp3","pending"
"Tom was my hero.","/ňąt…Ďm ňąw…Ďz ňąma…™ ňąhi…Ļo ä/","https://audio.tatoeba.org/sentences/eng/1867749.mp3","pending"
"Tom was with me.","/ňąt…Ďm ňąw…Ďz ňąw…™√į ňąmi/","https://audio.tatoeba.org/sentences/eng/3733005.mp3","pending"
"Tom was with us.","/ňąt…Ďm ňąw…Ďz ňąw…™√į ňą…ôs/","https://audio.tatoeba.org/sentences/eng/3736092.mp3","pending"
"Tom will go far.","/ňąt…Ďm ňąw…™…ę ňą…°o ä ňąf…Ď…Ļ/","https://audio.tatoeba.org/sentences/eng/2215683.mp3","pending"
"Tom wore a vest.","/ňąt…Ďm ňąw…Ē…Ļ ňąe…™ ňąv…õst/","https://audio.tatoeba.org/sentences/eng/3171087.mp3","pending"
"Try and stop me.","/ňąt…Ļa…™ ňą√¶nd ňąst…Ďp ňąmi/","https://audio.tatoeba.org/sentences/eng/1850246.mp3","pending"
"Turn off the TV.","/ňąt…Ěn ňą…Ēf ňą√į…ô ňątiňąvi/","https://audio.tatoeba.org/sentences/eng/39148.mp3","pending"
"Was this for me?","/ňąw…Ďz ňą√į…™s ňąf…Ē…Ļ ňąmi/","https://audio.tatoeba.org/sentences/eng/2648905.mp3","pending"
"We all hate Tom.","/ňąwi ňą…Ē…ę ňąhe…™t ňąt…Ďm/","https://audio.tatoeba.org/sentences/eng/2648903.mp3","pending"
"We all love you.","/ňąwi ňą…Ē…ę ňą…ę…ôv ňąju/","https://audio.tatoeba.org/sentences/eng/2549439.mp3","pending"
"We are with you.","/ňąwi ňą…Ď…Ļ ňąw…™√į ňąju/","https://audio.tatoeba.org/sentences/eng/2549437.mp3","pending"
"We can fix that.","/ňąwi ňąk√¶n ňąf…™ks ňą√į√¶t/","https://audio.tatoeba.org/sentences/eng/3312803.mp3","pending"
"We expect to go.","/ňąwi …™kňąsp…õkt ňątu ňą…°o ä/","https://audio.tatoeba.org/sentences/eng/3735255.mp3","pending"
"We have to talk.","/ňąwi ňąh√¶v ňątu ňąt…Ēk/","https://audio.tatoeba.org/sentences/eng/1893806.mp3","pending"
"We must be fair.","/ňąwi ňąm…ôst ňąbi ňąf…õ…Ļ/","https://audio.tatoeba.org/sentences/eng/3735673.mp3","pending"
"We need to talk.","/ňąwi ňąnid ňątu ňąt…Ēk/","https://audio.tatoeba.org/sentences/eng/1525260.mp3","pending"
"We used to date.","/ňąwi ňąjuzd ňątu ňąde…™t/","https://audio.tatoeba.org/sentences/eng/3313107.mp3","pending"
"We want to talk.","/ňąwi ňąw…Ďnt ňątu ňąt…Ēk/","https://audio.tatoeba.org/sentences/eng/2011327.mp3","pending"
"We work for Tom.","/ňąwi ňąw…Ěk ňąf…Ē…Ļ ňąt…Ďm/","https://audio.tatoeba.org/sentences/eng/3921381.mp3","pending"
"We'll see to it.","/ňąwi…ę ňąsi ňątu ňą…™t/","https://audio.tatoeba.org/sentences/eng/3312184.mp3","pending"
"We're in a rush.","/ňąw…Ě ňą…™n ňąe…™ ňą…Ļ…ô É/","https://audio.tatoeba.org/sentences/eng/2549428.mp3","pending"
"We're on a date.","/ňąw…Ě ňą…Ďn ňąe…™ ňąde…™t/","https://audio.tatoeba.org/sentences/eng/2549426.mp3","pending"
"We've got to go.","/ňąwiv ňą…°…Ďt ňątu ňą…°o ä/","https://audio.tatoeba.org/sentences/eng/3310186.mp3","pending"
"What did he say?","/ňąhw…ôt ňąd…™d ňąhi ňąse…™/","https://audio.tatoeba.org/sentences/eng/28006.mp3","pending"
"What do you say?","/ňąhw…ôt ňądu ňąju ňąse…™/","https://audio.tatoeba.org/sentences/eng/1174872.mp3","pending"
"What is it like?","/ňąhw…ôt ňą…™z ňą…™t ňą…ęa…™k/","https://audio.tatoeba.org/sentences/eng/3737794.mp3","pending"
"What was it for?","/ňąhw…ôt ňąw…Ďz ňą…™t ňąf…Ē…Ļ/","https://audio.tatoeba.org/sentences/eng/2648887.mp3","pending"
"When can we eat?","/ňąhw…õn ňąk√¶n ňąwi ňąit/","https://audio.tatoeba.org/sentences/eng/322004.mp3","pending"
"Where do I turn?","/ňąhw…õ…Ļ ňądu ňąa…™ ňąt…Ěn/","https://audio.tatoeba.org/sentences/eng/687606.mp3","pending"
"Where is my dad?","/ňąhw…õ…Ļ ňą…™z ňąma…™ ňąd√¶d/","https://audio.tatoeba.org/sentences/eng/595504.mp3","pending"
"Which key is it?","/ňąhw…™t É ňąki ňą…™z ňą…™t/","https://audio.tatoeba.org/sentences/eng/1886587.mp3","pending"
"Who did you see?","/ňąhu ňąd…™d ňąju ňąsi/","https://audio.tatoeba.org/sentences/eng/2142016.mp3","pending"
"Who is this boy?","/ňąhu ňą…™z ňą√į…™s ňąb…Ē…™/","https://audio.tatoeba.org/sentences/eng/1388966.mp3","pending"
"Who wants to go?","/ňąhu ňąw…Ďnts ňątu ňą…°o ä/","https://audio.tatoeba.org/sentences/eng/2011330.mp3","pending"
"Why did you ask?","/ňąhwa…™ ňąd…™d ňąju ňą√¶sk/","https://audio.tatoeba.org/sentences/eng/3738114.mp3","pending"
"Why not ask Tom?","/ňąhwa…™ ňąn…Ďt ňą√¶sk ňąt…Ďm/","https://audio.tatoeba.org/sentences/eng/3113478.mp3","pending"
"You can call me.","/ňąju ňąk√¶n ňąk…Ē…ę ňąmi/","https://audio.tatoeba.org/sentences/eng/3374169.mp3","pending"
"You can have it.","/ňąju ňąk√¶n ňąh√¶v ňą…™t/","https://audio.tatoeba.org/sentences/eng/1895808.mp3","pending"
"You have to eat.","/ňąju ňąh√¶v ňątu ňąit/","https://audio.tatoeba.org/sentences/eng/2549418.mp3","pending"
"You may have it.","/ňąju ňąme…™ ňąh√¶v ňą…™t/","https://audio.tatoeba.org/sentences/eng/3326708.mp3","pending"
"You sold me out.","/ňąju ňąso ä…ęd ňąmi ňąa ät/","https://audio.tatoeba.org/sentences/eng/3326705.mp3","pending"
"You were a fool.","/ňąju ňąw…Ě ňąe…™ ňąfu…ę/","https://audio.tatoeba.org/sentences/eng/2648872.mp3","pending"
"You're in a rut.","/ňąju…Ļ ňą…™n ňąe…™ ňą…Ļ…ôt/","https://audio.tatoeba.org/sentences/eng/2549408.mp3","pending"
"Your time is up.","/ňąj…Ē…Ļ ňąta…™m ňą…™z ňą…ôp/","https://audio.tatoeba.org/sentences/eng/17347.mp3","pending"
"A fuse has blown.","/ňąe…™ ňąfjuz ňąh√¶z ňąb…ęo än/","https://audio.tatoeba.org/sentences/eng/34636.mp3","pending"
"Are those for me?","/ňą…Ď…Ļ ňą√įo äz ňąf…Ē…Ļ ňąmi/","https://audio.tatoeba.org/sentences/eng/1886365.mp3","pending"
"Are we safe here?","/ňą…Ď…Ļ ňąwi ňąse…™f ňąhi…Ļ/","https://audio.tatoeba.org/sentences/eng/3242383.mp3","pending"
"Are you a lawyer?","/ňą…Ď…Ļ ňąju ňąe…™ ňą…ę…Ē…™…Ě/","https://audio.tatoeba.org/sentences/eng/1167039.mp3","pending"
"Are you done yet?","/ňą…Ď…Ļ ňąju ňąd…ôn ňąj…õt/","https://audio.tatoeba.org/sentences/eng/2648866.mp3","pending"
"Are you free now?","/ňą…Ď…Ļ ňąju ňąf…Ļi ňąna ä/","https://audio.tatoeba.org/sentences/eng/241534.mp3","pending"
"Are you new here?","/ňą…Ď…Ļ ňąju ňąnju ňąhi…Ļ/","https://audio.tatoeba.org/sentences/eng/502232.mp3","pending"
"Are you still up?","/ňą…Ď…Ļ ňąju ňąst…™…ę ňą…ôp/","https://audio.tatoeba.org/sentences/eng/2307047.mp3","pending"
"Are you too cold?","/ňą…Ď…Ļ ňąju ňątu ňąko ä…ęd/","https://audio.tatoeba.org/sentences/eng/3930019.mp3","pending"
"Ask Tom about it.","/ňą√¶sk ňąt…Ďm …ôňąba ät ňą…™t/","https://audio.tatoeba.org/sentences/eng/4667248.mp3","pending"
"Bring it on, Tom.","/ňąb…Ļ…™Ňč ňą…™t ňą…Ďn ňąt…Ďm/","https://audio.tatoeba.org/sentences/eng/2648858.mp3","pending"
"Can I be excused?","/ňąk√¶n ňąa…™ ňąbi …™kňąskjuzd/","https://audio.tatoeba.org/sentences/eng/264977.mp3","pending"
"Can I sleep here?","/ňąk√¶n ňąa…™ ňąs…ęip ňąhi…Ļ/","https://audio.tatoeba.org/sentences/eng/1911934.mp3","pending"
"Can you blame me?","/ňąk√¶n ňąju ňąb…ęe…™m ňąmi/","https://audio.tatoeba.org/sentences/eng/1886258.mp3","pending"
"Can you prove it?","/ňąk√¶n ňąju ňąp…Ļuv ňą…™t/","https://audio.tatoeba.org/sentences/eng/41800.mp3","pending"
"Can you teach me?","/ňąk√¶n ňąju ňątit É ňąmi/","https://audio.tatoeba.org/sentences/eng/443088.mp3","pending"
"Clean it up, Tom.","/ňąk…ęin ňą…™t ňą…ôp ňąt…Ďm/","https://audio.tatoeba.org/sentences/eng/2648854.mp3","pending"
"Come on, wake up.","/ňąk…ôm ňą…Ďn ňąwe…™k ňą…ôp/","https://audio.tatoeba.org/sentences/eng/54227.mp3","pending"
"Come to my house.","/ňąk…ôm ňątu ňąma…™ ňąha äs/","https://audio.tatoeba.org/sentences/eng/250566.mp3","pending"
"Could I help you?","/ňąk äd ňąa…™ ňąh…õ…ęp ňąju/","https://audio.tatoeba.org/sentences/eng/240229.mp3","pending"
"Did Tom call you?","/ňąd…™d ňąt…Ďm ňąk…Ē…ę ňąju/","https://audio.tatoeba.org/sentences/eng/3360551.mp3","pending"
"Did Tom hurt you?","/ňąd…™d ňąt…Ďm ňąh…Ět ňąju/","https://audio.tatoeba.org/sentences/eng/2549397.mp3","pending"
"Did you kill Tom?","/ňąd…™d ňąju ňąk…™…ę ňąt…Ďm/","https://audio.tatoeba.org/sentences/eng/1886145.mp3","pending"
"Did you meet her?","/ňąd…™d ňąju ňąmit ňąh…Ě/","https://audio.tatoeba.org/sentences/eng/13335.mp3","pending"
"Did you tell Tom?","/ňąd…™d ňąju ňąt…õ…ę ňąt…Ďm/","https://audio.tatoeba.org/sentences/eng/1886134.mp3","pending"
"Do what Tom says.","/ňądu ňąhw…ôt ňąt…Ďm ňąs…õz/","https://audio.tatoeba.org/sentences/eng/1898413.mp3","pending"
"Do you ever rest?","/ňądu ňąju ňą…õv…Ě ňą…Ļ…õst/","https://audio.tatoeba.org/sentences/eng/4498109.mp3","pending"
"Do you know that?","/ňądu ňąju ňąno ä ňą√į√¶t/","https://audio.tatoeba.org/sentences/eng/3738668.mp3","pending"
"Do you like snow?","/ňądu ňąju ňą…ęa…™k ňąsno ä/","https://audio.tatoeba.org/sentences/eng/434606.mp3","pending"
"Do you play golf?","/ňądu ňąju ňąp…ęe…™ ňą…°…Ď…ęf/","https://audio.tatoeba.org/sentences/eng/2991896.mp3","pending"
"Do you want kids?","/ňądu ňąju ňąw…Ďnt ňąk…™dz/","https://audio.tatoeba.org/sentences/eng/1886040.mp3","pending"
"Do you work here?","/ňądu ňąju ňąw…Ěk ňąhi…Ļ/","https://audio.tatoeba.org/sentences/eng/1543661.mp3","pending"
"Does Tom need me?","/ňąd…ôz ňąt…Ďm ňąnid ňąmi/","https://audio.tatoeba.org/sentences/eng/3360596.mp3","pending"
"Don't do it, Tom.","/ňądo än ňądu ňą…™t ňąt…Ďm/","https://audio.tatoeba.org/sentences/eng/2270352.mp3","pending"
"Don't let Tom in.","/ňądo än ňą…ę…õt ňąt…Ďm ňą…™n/","https://audio.tatoeba.org/sentences/eng/2270471.mp3","pending"
"Don't look at it.","/ňądo än ňą…ę äk ňą√¶t ňą…™t/","https://audio.tatoeba.org/sentences/eng/2270478.mp3","pending"
"Don't talk to me.","/ňądo än ňąt…Ēk ňątu ňąmi/","https://audio.tatoeba.org/sentences/eng/1860410.mp3","pending"
"Don't you get it?","/ňądo än ňąju ňą…°…õt ňą…™t/","https://audio.tatoeba.org/sentences/eng/1841720.mp3","pending"
"Drinks are on me.","/ňąd…Ļ…™Ňčks ňą…Ď…Ļ ňą…Ďn ňąmi/","https://audio.tatoeba.org/sentences/eng/2648845.mp3","pending"
"Explain it to me.","/…™ksňąp…ęe…™n ňą…™t ňątu ňąmi/","https://audio.tatoeba.org/sentences/eng/1081547.mp3","pending"
"Get in here, Tom.","/ňą…°…õt ňą…™n ňąhi…Ļ ňąt…Ďm/","https://audio.tatoeba.org/sentences/eng/2549395.mp3","pending"
"Get on the horse.","/ňą…°…õt ňą…Ďn ňą√į…ô ňąh…Ē…Ļs/","https://audio.tatoeba.org/sentences/eng/1256569.mp3","pending"
"Get used to that.","/ňą…°…õt ňąjuzd ňątu ňą√į√¶t/","https://audio.tatoeba.org/sentences/eng/3448816.mp3","pending"
"Give me one hour.","/ňą…°…™v ňąmi ňąw…ôn ňąa ä…Ě/","https://audio.tatoeba.org/sentences/eng/3151510.mp3","pending"
"Give us a chance.","/ňą…°…™v ňą…ôs ňąe…™ ňąt É√¶ns/","https://audio.tatoeba.org/sentences/eng/2648833.mp3","pending"
"Go to sleep, Tom.","/ňą…°o ä ňątu ňąs…ęip ňąt…Ďm/","https://audio.tatoeba.org/sentences/eng/2648829.mp3","pending"
"Has Tom tried it?","/ňąh√¶z ňąt…Ďm ňąt…Ļa…™d ňą…™t/","https://audio.tatoeba.org/sentences/eng/3360574.mp3","pending"
"Have a nice trip!","/ňąh√¶v ňąe…™ ňąna…™s ňąt…Ļ…™p/","https://audio.tatoeba.org/sentences/eng/339238.mp3","pending"
"Have you met Tom?","/ňąh√¶v ňąju ňąm…õt ňąt…Ďm/","https://audio.tatoeba.org/sentences/eng/2261896.mp3","pending"
"He can read well.","/ňąhi ňąk√¶n ňą…Ļ…õd ňąw…õ…ę/","https://audio.tatoeba.org/sentences/eng/388978.mp3","pending"
"He gave a speech.","/ňąhi ňą…°e…™v ňąe…™ ňąspit É/","https://audio.tatoeba.org/sentences/eng/2764262.mp3","pending"
"He heard a shout.","/ňąhi ňąh…Ěd ňąe…™ ňą Éa ät/","https://audio.tatoeba.org/sentences/eng/295294.mp3","pending"
"He is still here.","/ňąhi ňą…™z ňąst…™…ę ňąhi…Ļ/","https://audio.tatoeba.org/sentences/eng/292828.mp3","pending"
"He is very brave.","/ňąhi ňą…™z ňąv…õ…Ļi ňąb…Ļe…™v/","https://audio.tatoeba.org/sentences/eng/291595.mp3","pending"
"He must love you.","/ňąhi ňąm…ôst ňą…ę…ôv ňąju/","https://audio.tatoeba.org/sentences/eng/63365.mp3","pending"
"He slept an hour.","/ňąhi ňąs…ę…õpt ňą√¶n ňąa ä…Ě/","https://audio.tatoeba.org/sentences/eng/288413.mp3","pending"
"He was very poor.","/ňąhi ňąw…Ďz ňąv…õ…Ļi ňąpu…Ļ/","https://audio.tatoeba.org/sentences/eng/292549.mp3","pending"
"Here is your bag.","/ňąhi…Ļ ňą…™z ňąj…Ē…Ļ ňąb√¶…°/","https://audio.tatoeba.org/sentences/eng/17400.mp3","pending"
"Hey, are you Tom?","/ňąhe…™ ňą…Ď…Ļ ňąju ňąt…Ďm/","https://audio.tatoeba.org/sentences/eng/2648826.mp3","pending"
"Hold on a second.","/ňąho ä…ęd ňą…Ďn ňąe…™ ňąs…õk…ônd/","https://audio.tatoeba.org/sentences/eng/1120399.mp3","pending"
"How could I know?","/ňąha ä ňąk äd ňąa…™ ňąno ä/","https://audio.tatoeba.org/sentences/eng/620808.mp3","pending"
"How is the salad?","/ňąha ä ňą…™z ňą√į…ô ňąs√¶…ę…ôd/","https://audio.tatoeba.org/sentences/eng/2549391.mp3","pending"
"How might I help?","/ňąha ä ňąma…™t ňąa…™ ňąh…õ…ęp/","https://audio.tatoeba.org/sentences/eng/4499361.mp3","pending"
"I agree with him.","/ňąa…™ …ôňą…°…Ļi ňąw…™√į ňąh…™m/","https://audio.tatoeba.org/sentences/eng/260397.mp3","pending"
"I also like cake.","/ňąa…™ ňą…Ē…ęso ä ňą…ęa…™k ňąke…™k/","https://audio.tatoeba.org/sentences/eng/321982.mp3","pending"
"I am a bit drunk.","/ňąa…™ ňą√¶m ňąe…™ ňąb…™t ňąd…Ļ…ôŇčk/","https://audio.tatoeba.org/sentences/eng/258666.mp3","pending"
"I am only joking.","/ňąa…™ ňą√¶m ňąo än…ęi ňąd ío äk…™Ňč/","https://audio.tatoeba.org/sentences/eng/33037.mp3","pending"
"I believe in God.","/ňąa…™ b…™ňą…ęiv ňą…™n ňą…°…Ďd/","https://audio.tatoeba.org/sentences/eng/258848.mp3","pending"
"I can be trusted.","/ňąa…™ ňąk√¶n ňąbi ňąt…Ļ…ôst…™d/","https://audio.tatoeba.org/sentences/eng/2300629.mp3","pending"
"I can't get away.","/ňąa…™ ňąk√¶nt ňą…°…õt …ôňąwe…™/","https://audio.tatoeba.org/sentences/eng/3737226.mp3","pending"
"I can't pay them.","/ňąa…™ ňąk√¶nt ňąpe…™ ňą√į…õm/","https://audio.tatoeba.org/sentences/eng/2303604.mp3","pending"
"I can't stand it.","/ňąa…™ ňąk√¶nt ňąst√¶nd ňą…™t/","https://audio.tatoeba.org/sentences/eng/275285.mp3","pending"
"I can't talk now.","/ňąa…™ ňąk√¶nt ňąt…Ēk ňąna ä/","https://audio.tatoeba.org/sentences/eng/1954968.mp3","pending"
"I could see that.","/ňąa…™ ňąk äd ňąsi ňą√į√¶t/","https://audio.tatoeba.org/sentences/eng/1467591.mp3","pending"
"I did it for him.","/ňąa…™ ňąd…™d ňą…™t ňąf…Ē…Ļ ňąh…™m/","https://audio.tatoeba.org/sentences/eng/1790780.mp3","pending"
"I didn't like it.","/ňąa…™ ňąd…™d…ôn ňą…ęa…™k ňą…™t/","https://audio.tatoeba.org/sentences/eng/1386.mp3","pending"
"I do remember it.","/ňąa…™ ňądu …Ļiňąm…õmb…Ě ňą…™t/","https://audio.tatoeba.org/sentences/eng/3736579.mp3","pending"
"I don't hate you.","/ňąa…™ ňądo än ňąhe…™t ňąju/","https://audio.tatoeba.org/sentences/eng/2271858.mp3","pending"
"I don't know her.","/ňąa…™ ňądo än ňąno ä ňąh…Ě/","https://audio.tatoeba.org/sentences/eng/387602.mp3","pending"
"I don't like you.","/ňąa…™ ňądo än ňą…ęa…™k ňąju/","https://audio.tatoeba.org/sentences/eng/836846.mp3","pending"
"I don't think so.","/ňąa…™ ňądo än ňąőł…™Ňčk ňąso ä/","https://audio.tatoeba.org/sentences/eng/36557.mp3","pending"
"I drank the wine.","/ňąa…™ ňąd…Ļ√¶Ňčk ňą√į…ô ňąwa…™n/","https://audio.tatoeba.org/sentences/eng/2667567.mp3","pending"
"I feel quite bad.","/ňąa…™ ňąfi…ę ňąkwa…™t ňąb√¶d/","https://audio.tatoeba.org/sentences/eng/3732241.mp3","pending"
"I feel so lonely.","/ňąa…™ ňąfi…ę ňąso ä ňą…ęo än…ęi/","https://audio.tatoeba.org/sentences/eng/2549389.mp3","pending"
"I go to the park.","/ňąa…™ ňą…°o ä ňątu ňą√į…ô ňąp…Ď…Ļk/","https://audio.tatoeba.org/sentences/eng/257353.mp3","pending"
"I had a flu shot.","/ňąa…™ ňąh√¶d ňąe…™ ňąf…ęu ňą É…Ďt/","https://audio.tatoeba.org/sentences/eng/65712.mp3","pending"
"I had to see you.","/ňąa…™ ňąh√¶d ňątu ňąsi ňąju/","https://audio.tatoeba.org/sentences/eng/2331854.mp3","pending"
"I have a brother.","/ňąa…™ ňąh√¶v ňąe…™ ňąb…Ļ…ô√į…Ě/","https://audio.tatoeba.org/sentences/eng/2358668.mp3","pending"
"I have a receipt.","/ňąa…™ ňąh√¶v ňąe…™ …Ļiňąsit/","https://audio.tatoeba.org/sentences/eng/531520.mp3","pending"
"I have good news.","/ňąa…™ ňąh√¶v ňą…° äd ňąnjuz/","https://audio.tatoeba.org/sentences/eng/2359552.mp3","pending"
"I have no future.","/ňąa…™ ňąh√¶v ňąno ä ňąfjut É…Ě/","https://audio.tatoeba.org/sentences/eng/1112468.mp3","pending"
"I have to go out.","/ňąa…™ ňąh√¶v ňątu ňą…°o ä ňąa ät/","https://audio.tatoeba.org/sentences/eng/2360515.mp3","pending"
"I have two books.","/ňąa…™ ňąh√¶v ňątu ňąb äks/","https://audio.tatoeba.org/sentences/eng/259771.mp3","pending"
"I just need time.","/ňąa…™ ňąd í…ôst ňąnid ňąta…™m/","https://audio.tatoeba.org/sentences/eng/2372825.mp3","pending"
"I know the owner.","/ňąa…™ ňąno ä ňą√į…ô ňąo än…Ě/","https://audio.tatoeba.org/sentences/eng/2376144.mp3","pending"
"I know who he is.","/ňąa…™ ňąno ä ňąhu ňąhi ňą…™z/","https://audio.tatoeba.org/sentences/eng/260119.mp3","pending"
"I like dogs, too.","/ňąa…™ ňą…ęa…™k ňąd…Ď…°z ňątu/","https://audio.tatoeba.org/sentences/eng/3735292.mp3","pending"
"I like green tea.","/ňąa…™ ňą…ęa…™k ňą…°…Ļin ňąti/","https://audio.tatoeba.org/sentences/eng/2377447.mp3","pending"
"I like them both.","/ňąa…™ ňą…ęa…™k ňą√į…õm ňąbo äőł/","https://audio.tatoeba.org/sentences/eng/2930608.mp3","pending"
"I like your plan.","/ňąa…™ ňą…ęa…™k ňąj…Ē…Ļ ňąp…ę√¶n/","https://audio.tatoeba.org/sentences/eng/1806927.mp3","pending"
"I liked doing it.","/ňąa…™ ňą…ęa…™kt ňądu…™Ňč ňą…™t/","https://audio.tatoeba.org/sentences/eng/4498100.mp3","pending"
"I lost the watch.","/ňąa…™ ňą…ę…Ēst ňą√į…ô ňąw…Ďt É/","https://audio.tatoeba.org/sentences/eng/264069.mp3","pending"
"I love this band.","/ňąa…™ ňą…ę…ôv ňą√į…™s ňąb√¶nd/","https://audio.tatoeba.org/sentences/eng/4500138.mp3","pending"
"I love this show.","/ňąa…™ ňą…ę…ôv ňą√į…™s ňą Éo ä/","https://audio.tatoeba.org/sentences/eng/2380226.mp3","pending"
"I love your name.","/ňąa…™ ňą…ę…ôv ňąj…Ē…Ļ ňąne…™m/","https://audio.tatoeba.org/sentences/eng/1764706.mp3","pending"
"I might be wrong.","/ňąa…™ ňąma…™t ňąbi ňą…Ļ…ĒŇč/","https://audio.tatoeba.org/sentences/eng/256737.mp3","pending"
"I must leave now.","/ňąa…™ ňąm…ôst ňą…ęiv ňąna ä/","https://audio.tatoeba.org/sentences/eng/31384.mp3","pending"
"I need a holiday.","/ňąa…™ ňąnid ňąe…™ ňąh…Ď…ę…ôňĆde…™/","https://audio.tatoeba.org/sentences/eng/2387439.mp3","pending"
"I need some milk.","/ňąa…™ ňąnid ňąs…ôm ňąm…™…ęk/","https://audio.tatoeba.org/sentences/eng/1869339.mp3","pending"
"I need your help.","/ňąa…™ ňąnid ňąj…Ē…Ļ ňąh…õ…ęp/","https://audio.tatoeba.org/sentences/eng/257113.mp3","pending"
"I own this place.","/ňąa…™ ňąo än ňą√į…™s ňąp…ęe…™s/","https://audio.tatoeba.org/sentences/eng/2389842.mp3","pending"
"I read your book.","/ňąa…™ ňą…Ļ…õd ňąj…Ē…Ļ ňąb äk/","https://audio.tatoeba.org/sentences/eng/2667594.mp3","pending"
"I really mean it.","/ňąa…™ ňą…Ļi…ęi ňąmin ňą…™t/","https://audio.tatoeba.org/sentences/eng/2235429.mp3","pending"
"I shot the horse.","/ňąa…™ ňą É…Ďt ňą√į…ô ňąh…Ē…Ļs/","https://audio.tatoeba.org/sentences/eng/2406309.mp3","pending"
"I should go pack.","/ňąa…™ ňą É äd ňą…°o ä ňąp√¶k/","https://audio.tatoeba.org/sentences/eng/3734170.mp3","pending"
"I talk to myself.","/ňąa…™ ňąt…Ēk ňątu ňĆma…™ňąs…õ…ęf/","https://audio.tatoeba.org/sentences/eng/280568.mp3","pending"
"I told the truth.","/ňąa…™ ňąto ä…ęd ňą√į…ô ňąt…Ļuőł/","https://audio.tatoeba.org/sentences/eng/2549387.mp3","pending"
"I want a scooter.","/ňąa…™ ňąw…Ďnt ňąe…™ ňąskut…Ě/","https://audio.tatoeba.org/sentences/eng/2327607.mp3","pending"
"I want much more.","/ňąa…™ ňąw…Ďnt ňąm…ôt É ňąm…Ē…Ļ/","https://audio.tatoeba.org/sentences/eng/1183491.mp3","pending"
"I want to see it.","/ňąa…™ ňąw…Ďnt ňątu ňąsi ňą…™t/","https://audio.tatoeba.org/sentences/eng/1883058.mp3","pending"
"I was having fun.","/ňąa…™ ňąw…Ďz ňąh√¶v…™Ňč ňąf…ôn/","https://audio.tatoeba.org/sentences/eng/2549378.mp3","pending"
"I was so certain.","/ňąa…™ ňąw…Ďz ňąso ä ňąs…Ět…ôn/","https://audio.tatoeba.org/sentences/eng/2549370.mp3","pending"
"I was so worried.","/ňąa…™ ňąw…Ďz ňąso ä ňąw…Ěid/","https://audio.tatoeba.org/sentences/eng/2549369.mp3","pending"
"I was very tired.","/ňąa…™ ňąw…Ďz ňąv…õ…Ļi ňąta…™…Ěd/","https://audio.tatoeba.org/sentences/eng/261418.mp3","pending"
"I went to school.","/ňąa…™ ňąw…õnt ňątu ňąsku…ę/","https://audio.tatoeba.org/sentences/eng/3797008.mp3","pending"
"I won't need you.","/ňąa…™ ňąwo änt ňąnid ňąju/","https://audio.tatoeba.org/sentences/eng/2271980.mp3","pending"
"I won't tell Tom.","/ňąa…™ ňąwo änt ňąt…õ…ę ňąt…Ďm/","https://audio.tatoeba.org/sentences/eng/2262001.mp3","pending"
"I'd like to help.","/ňąa…™d ňą…ęa…™k ňątu ňąh…õ…ęp/","https://audio.tatoeba.org/sentences/eng/1936437.mp3","pending"
"I'll clean it up.","/ňąa…™…ę ňąk…ęin ňą…™t ňą…ôp/","https://audio.tatoeba.org/sentences/eng/2549354.mp3","pending"
"I'll go this way.","/ňąa…™…ę ňą…°o ä ňą√į…™s ňąwe…™/","https://audio.tatoeba.org/sentences/eng/2549346.mp3","pending"
"I'll need a loan.","/ňąa…™…ę ňąnid ňąe…™ ňą…ęo än/","https://audio.tatoeba.org/sentences/eng/2549345.mp3","pending"
"I'll take a look.","/ňąa…™…ę ňąte…™k ňąe…™ ňą…ę äk/","https://audio.tatoeba.org/sentences/eng/3005489.mp3","pending"
"I'm a bit hungry.","/ňąa…™m ňąe…™ ňąb…™t ňąh…ôŇč…°…Ļi/","https://audio.tatoeba.org/sentences/eng/1048297.mp3","pending"
"I'm able to swim.","/ňąa…™m ňąe…™b…ô…ę ňątu ňąsw…™m/","https://audio.tatoeba.org/sentences/eng/256177.mp3","pending"
"I'm angry at you.","/ňąa…™m ňą√¶Ňč…°…Ļi ňą√¶t ňąju/","https://audio.tatoeba.org/sentences/eng/3818241.mp3","pending"
"I'm done for now.","/ňąa…™m ňąd…ôn ňąf…Ē…Ļ ňąna ä/","https://audio.tatoeba.org/sentences/eng/3737018.mp3","pending"
"I'm going to bed.","/ňąa…™m ňą…°o ä…™n ňątu ňąb…õd/","https://audio.tatoeba.org/sentences/eng/139763.mp3","pending"
"I'm here for you.","/ňąa…™m ňąhi…Ļ ňąf…Ē…Ļ ňąju/","https://audio.tatoeba.org/sentences/eng/834857.mp3","pending"
"I'm not a coward.","/ňąa…™m ňąn…Ďt ňąe…™ ňąka ä…Ěd/","https://audio.tatoeba.org/sentences/eng/2417725.mp3","pending"
"I'm not an idiot.","/ňąa…™m ňąn…Ďt ňą√¶n ňą…™ňĆdi…ôt/","https://audio.tatoeba.org/sentences/eng/1108752.mp3","pending"
"I'm not busy now.","/ňąa…™m ňąn…Ďt ňąb…™zi ňąna ä/","https://audio.tatoeba.org/sentences/eng/257627.mp3","pending"
"I'm not like you.","/ňąa…™m ňąn…Ďt ňą…ęa…™k ňąju/","https://audio.tatoeba.org/sentences/eng/1647836.mp3","pending"
"I'm out of money.","/ňąa…™m ňąa ät ňą…ôv ňąm…ôni/","https://audio.tatoeba.org/sentences/eng/2280347.mp3","pending"
"I'm proud of you.","/ňąa…™m ňąp…Ļa äd ňą…ôv ňąju/","https://audio.tatoeba.org/sentences/eng/15913.mp3","pending"
"I'm sort of busy.","/ňąa…™m ňąs…Ē…Ļt ňą…ôv ňąb…™zi/","https://audio.tatoeba.org/sentences/eng/2648807.mp3","pending"
"I'm such a loser.","/ňąa…™m ňąs…ôt É ňąe…™ ňą…ęuz…Ě/","https://audio.tatoeba.org/sentences/eng/2549301.mp3","pending"
"I'm used to that.","/ňąa…™m ňąjuzd ňątu ňą√į√¶t/","https://audio.tatoeba.org/sentences/eng/2549297.mp3","pending"
"I'm with Tom now.","/ňąa…™m ňąw…™√į ňąt…Ďm ňąna ä/","https://audio.tatoeba.org/sentences/eng/2262048.mp3","pending"
"I've lost my bag.","/ňąa…™v ňą…ę…Ēst ňąma…™ ňąb√¶…°/","https://audio.tatoeba.org/sentences/eng/455941.mp3","pending"
"If not now, when?","/ňą…™f ňąn…Ďt ňąna ä ňąhw…õn/","https://audio.tatoeba.org/sentences/eng/4844536.mp3","pending"
"Is she all right?","/ňą…™z ňą Éi ňą…Ē…ę ňą…Ļa…™t/","https://audio.tatoeba.org/sentences/eng/68071.mp3","pending"
"Is that for sale?","/ňą…™z ňą√į√¶t ňąf…Ē…Ļ ňąse…™…ę/","https://audio.tatoeba.org/sentences/eng/1425424.mp3","pending"
"Is this too high?","/ňą…™z ňą√į…™s ňątu ňąha…™/","https://audio.tatoeba.org/sentences/eng/4495264.mp3","pending"
"Is this your pen?","/ňą…™z ňą√į…™s ňąj…Ē…Ļ ňąp…õn/","https://audio.tatoeba.org/sentences/eng/55989.mp3","pending"
"Is Tom an artist?","/ňą…™z ňąt…Ďm ňą√¶n ňą…Ď…Ļt…ôst/","https://audio.tatoeba.org/sentences/eng/2510747.mp3","pending"
"It began to rain.","/ňą…™t biňą…°√¶n ňątu ňą…Ļe…™n/","https://audio.tatoeba.org/sentences/eng/827705.mp3","pending"
"It is what it is.","/ňą…™t ňą…™z ňąhw…ôt ňą…™t ňą…™z/","https://audio.tatoeba.org/sentences/eng/2528426.mp3","pending"
"It matters a lot.","/ňą…™t ňąm√¶t…Ěz ňąe…™ ňą…ę…Ďt/","https://audio.tatoeba.org/sentences/eng/4501000.mp3","pending"
"It was a miracle.","/ňą…™t ňąw…Ďz ňąe…™ ňąm…™…Ļ…ôk…ô…ę/","https://audio.tatoeba.org/sentences/eng/2549292.mp3","pending"
"It was so simple.","/ňą…™t ňąw…Ďz ňąso ä ňąs…™mp…ô…ę/","https://audio.tatoeba.org/sentences/eng/3820820.mp3","pending"
"It was years ago.","/ňą…™t ňąw…Ďz ňąj…™…Ļz …ôňą…°o ä/","https://audio.tatoeba.org/sentences/eng/3735272.mp3","pending"
"It's a good book.","/ňą…™ts ňąe…™ ňą…° äd ňąb äk/","https://audio.tatoeba.org/sentences/eng/4703137.mp3","pending"
"It's a sunny day.","/ňą…™ts ňąe…™ ňąs…ôni ňąde…™/","https://audio.tatoeba.org/sentences/eng/278889.mp3","pending"
"It's been a week.","/ňą…™ts ňąb…™n ňąe…™ ňąwik/","https://audio.tatoeba.org/sentences/eng/2549286.mp3","pending"
"It's just a cold.","/ňą…™ts ňąd í…ôst ňąe…™ ňąko ä…ęd/","https://audio.tatoeba.org/sentences/eng/319735.mp3","pending"
"It's not so easy.","/ňą…™ts ňąn…Ďt ňąso ä ňąizi/","https://audio.tatoeba.org/sentences/eng/2891617.mp3","pending"
"It's now my turn.","/ňą…™ts ňąna ä ňąma…™ ňąt…Ěn/","https://audio.tatoeba.org/sentences/eng/54186.mp3","pending"
"It's so much fun.","/ňą…™ts ňąso ä ňąm…ôt É ňąf…ôn/","https://audio.tatoeba.org/sentences/eng/3431376.mp3","pending"
"It's time to eat.","/ňą…™ts ňąta…™m ňątu ňąit/","https://audio.tatoeba.org/sentences/eng/954096.mp3","pending"
"Japan is in Asia.","/d í…ôňąp√¶n ňą…™z ňą…™n ňąe…™ í…ô/","https://audio.tatoeba.org/sentences/eng/1412495.mp3","pending"
"Just look at him.","/ňąd í…ôst ňą…ę äk ňą√¶t ňąh…™m/","https://audio.tatoeba.org/sentences/eng/1804049.mp3","pending"
"Leave this to me.","/ňą…ęiv ňą√į…™s ňątu ňąmi/","https://audio.tatoeba.org/sentences/eng/1113733.mp3","pending"
"Let me drive you.","/ňą…ę…õt ňąmi ňąd…Ļa…™v ňąju/","https://audio.tatoeba.org/sentences/eng/3392951.mp3","pending"
"Let Tom carry it.","/ňą…ę…õt ňąt…Ďm ňąk√¶…Ļi ňą…™t/","https://audio.tatoeba.org/sentences/eng/2262223.mp3","pending"
"Let's have a try.","/ňą…ę…õts ňąh√¶v ňąe…™ ňąt…Ļa…™/","https://audio.tatoeba.org/sentences/eng/414905.mp3","pending"
"Let's just do it.","/ňą…ę…õts ňąd í…ôst ňądu ňą…™t/","https://audio.tatoeba.org/sentences/eng/4401019.mp3","pending"
"Look at our kids.","/ňą…ę äk ňą√¶t ňąa ä…Ě ňąk…™dz/","https://audio.tatoeba.org/sentences/eng/4500810.mp3","pending"
"Look at the view.","/ňą…ę äk ňą√¶t ňą√į…ô ňąvju/","https://audio.tatoeba.org/sentences/eng/3818795.mp3","pending"
"May I come again?","/ňąme…™ ňąa…™ ňąk…ôm …ôňą…°e…™n/","https://audio.tatoeba.org/sentences/eng/4533458.mp3","pending"
"My album is here.","/ňąma…™ ňą√¶…ęb…ôm ňą…™z ňąhi…Ļ/","https://audio.tatoeba.org/sentences/eng/449108.mp3","pending"
"My glass is full.","/ňąma…™ ňą…°…ę√¶s ňą…™z ňąf ä…ę/","https://audio.tatoeba.org/sentences/eng/2589641.mp3","pending"
"My nose is itchy.","/ňąma…™ ňąno äz ňą…™z ňą…™t Éi/","https://audio.tatoeba.org/sentences/eng/318193.mp3","pending"
"Nice to meet you.","/ňąna…™s ňątu ňąmit ňąju/","https://audio.tatoeba.org/sentences/eng/499617.mp3","pending"
"No one says that.","/ňąno ä ňąw…ôn ňąs…õz ňą√į√¶t/","https://audio.tatoeba.org/sentences/eng/2091101.mp3","pending"
"No one was fired.","/ňąno ä ňąw…ôn ňąw…Ďz ňąfa…™…Ěd/","https://audio.tatoeba.org/sentences/eng/4498707.mp3","pending"
"Now give it back.","/ňąna ä ňą…°…™v ňą…™t ňąb√¶k/","https://audio.tatoeba.org/sentences/eng/3151323.mp3","pending"
"Now listen to me.","/ňąna ä ňą…ę…™s…ôn ňątu ňąmi/","https://audio.tatoeba.org/sentences/eng/3392944.mp3","pending"
"Pass me the wine.","/ňąp√¶s ňąmi ňą√į…ô ňąwa…™n/","https://audio.tatoeba.org/sentences/eng/3392941.mp3","pending"
"Please let me go.","/ňąp…ęiz ňą…ę…õt ňąmi ňą…°o ä/","https://audio.tatoeba.org/sentences/eng/433631.mp3","pending"
"Put on your coat.","/ňąp ät ňą…Ďn ňąj…Ē…Ļ ňąko ät/","https://audio.tatoeba.org/sentences/eng/62287.mp3","pending"
"Rome is in Italy.","/ňą…Ļo äm ňą…™z ňą…™n ňą…™t…ô…ęi/","https://audio.tatoeba.org/sentences/eng/29415.mp3","pending"
"Shall I help you?","/ňą É√¶…ę ňąa…™ ňąh…õ…ęp ňąju/","https://audio.tatoeba.org/sentences/eng/64391.mp3","pending"
"She came at once.","/ňą Éi ňąke…™m ňą√¶t ňąw…ôns/","https://audio.tatoeba.org/sentences/eng/310979.mp3","pending"
"She has gone out.","/ňą Éi ňąh√¶z ňą…°…Ēn ňąa ät/","https://audio.tatoeba.org/sentences/eng/313607.mp3","pending"
"She is a student.","/ňą Éi ňą…™z ňąe…™ ňąstud…ônt/","https://audio.tatoeba.org/sentences/eng/313016.mp3","pending"
"She likes to run.","/ňą Éi ňą…ęa…™ks ňątu ňą…Ļ…ôn/","https://audio.tatoeba.org/sentences/eng/456733.mp3","pending"
"She may not come.","/ňą Éi ňąme…™ ňąn…Ďt ňąk…ôm/","https://audio.tatoeba.org/sentences/eng/317353.mp3","pending"
"She stared at me.","/ňą Éi ňąst…õ…Ļd ňą√¶t ňąmi/","https://audio.tatoeba.org/sentences/eng/314417.mp3","pending"
"Sit down with me.","/ňąs…™t ňąda än ňąw…™√į ňąmi/","https://audio.tatoeba.org/sentences/eng/249562.mp3","pending"
"Speak to us, Tom.","/ňąspik ňątu ňą…ôs ňąt…Ďm/","https://audio.tatoeba.org/sentences/eng/2648757.mp3","pending"
"Stay for a while.","/ňąste…™ ňąf…Ē…Ļ ňąe…™ ňąhwa…™…ę/","https://audio.tatoeba.org/sentences/eng/379611.mp3","pending"
"Take a seat, Tom.","/ňąte…™k ňąe…™ ňąsit ňąt…Ďm/","https://audio.tatoeba.org/sentences/eng/2549279.mp3","pending"
"Take it easy, OK?","/ňąte…™k ňą…™t ňąizi ňąo äňąke…™/","https://audio.tatoeba.org/sentences/eng/2648754.mp3","pending"
"That baby is Tom.","/ňą√į√¶t ňąbe…™bi ňą…™z ňąt…Ďm/","https://audio.tatoeba.org/sentences/eng/465073.mp3","pending"
"That may be true.","/ňą√į√¶t ňąme…™ ňąbi ňąt…Ļu/","https://audio.tatoeba.org/sentences/eng/2771537.mp3","pending"
"That was so good.","/ňą√į√¶t ňąw…Ďz ňąso ä ňą…° äd/","https://audio.tatoeba.org/sentences/eng/2891914.mp3","pending"
"That's all I saw.","/ňą√į√¶ts ňą…Ē…ę ňąa…™ ňąs…Ē/","https://audio.tatoeba.org/sentences/eng/2149441.mp3","pending"
"That's how it is.","/ňą√į√¶ts ňąha ä ňą…™t ňą…™z/","https://audio.tatoeba.org/sentences/eng/502319.mp3","pending"
"That's up to you.","/ňą√į√¶ts ňą…ôp ňątu ňąju/","https://audio.tatoeba.org/sentences/eng/2892069.mp3","pending"
"The bank is open.","/ňą√į…ô ňąb√¶Ňčk ňą…™z ňąo äp…ôn/","https://audio.tatoeba.org/sentences/eng/4501291.mp3","pending"
"The bus was full.","/ňą√į…ô ňąb…ôs ňąw…Ďz ňąf ä…ę/","https://audio.tatoeba.org/sentences/eng/1233916.mp3","pending"
"The dog is white.","/ňą√į…ô ňąd…Ē…° ňą…™z ňąhwa…™t/","https://audio.tatoeba.org/sentences/eng/526365.mp3","pending"
"The game is over.","/ňą√į…ô ňą…°e…™m ňą…™z ňąo äv…Ě/","https://audio.tatoeba.org/sentences/eng/954346.mp3","pending"
"The man ran away.","/ňą√į…ô ňąm√¶n ňą…Ļ√¶n …ôňąwe…™/","https://audio.tatoeba.org/sentences/eng/45276.mp3","pending"
"The TV is broken.","/ňą√į…ô ňątiňąvi ňą…™z ňąb…Ļo äk…ôn/","https://audio.tatoeba.org/sentences/eng/4079239.mp3","pending"
"The water is hot.","/ňą√į…ô ňąw…Ēt…Ě ňą…™z ňąh…Ďt/","https://audio.tatoeba.org/sentences/eng/1112743.mp3","pending"
"They all love me.","/ňą√įe…™ ňą…Ē…ę ňą…ę…ôv ňąmi/","https://audio.tatoeba.org/sentences/eng/2549274.mp3","pending"
"They dug a grave.","/ňą√įe…™ ňąd…ô…° ňąe…™ ňą…°…Ļe…™v/","https://audio.tatoeba.org/sentences/eng/307529.mp3","pending"
"They know I know.","/ňą√įe…™ ňąno ä ňąa…™ ňąno ä/","https://audio.tatoeba.org/sentences/eng/4500105.mp3","pending"
"They took a walk.","/ňą√įe…™ ňąt äk ňąe…™ ňąw…Ďk/","https://audio.tatoeba.org/sentences/eng/4356677.mp3","pending"
"They won't do it.","/ňą√įe…™ ňąwo änt ňądu ňą…™t/","https://audio.tatoeba.org/sentences/eng/2272146.mp3","pending"
"This bag is mine.","/ňą√į…™s ňąb√¶…° ňą…™z ňąma…™n/","https://audio.tatoeba.org/sentences/eng/61230.mp3","pending"
"This is a hybrid.","/ňą√į…™s ňą…™z ňąe…™ ňąha…™b…Ļ…ôd/","https://audio.tatoeba.org/sentences/eng/3522083.mp3","pending"
"This is a secret.","/ňą√į…™s ňą…™z ňąe…™ ňąsik…Ļ…ôt/","https://audio.tatoeba.org/sentences/eng/2422616.mp3","pending"
"This is my phone.","/ňą√į…™s ňą…™z ňąma…™ ňąfo än/","https://audio.tatoeba.org/sentences/eng/1898103.mp3","pending"
"This is so crazy.","/ňą√į…™s ňą…™z ňąso ä ňąk…Ļe…™zi/","https://audio.tatoeba.org/sentences/eng/2892243.mp3","pending"
"This is the plan.","/ňą√į…™s ňą…™z ňą√į…ô ňąp…ę√¶n/","https://audio.tatoeba.org/sentences/eng/4501444.mp3","pending"
"This one is full.","/ňą√į…™s ňąw…ôn ňą…™z ňąf ä…ę/","https://audio.tatoeba.org/sentences/eng/55574.mp3","pending"
"Those are my CDs.","/ňą√įo äz ňą…Ď…Ļ ňąma…™ ňĆsiňądiz/","https://audio.tatoeba.org/sentences/eng/67003.mp3","pending"
"Tom agreed to go.","/ňąt…Ďm …ôňą…°…Ļid ňątu ňą…°o ä/","https://audio.tatoeba.org/sentences/eng/2262431.mp3","pending"
"Tom began to run.","/ňąt…Ďm biňą…°√¶n ňątu ňą…Ļ…ôn/","https://audio.tatoeba.org/sentences/eng/2648737.mp3","pending"
"Tom can't go yet.","/ňąt…Ďm ňąk√¶nt ňą…°o ä ňąj…õt/","https://audio.tatoeba.org/sentences/eng/4667239.mp3","pending"
"Tom didn't do it.","/ňąt…Ďm ňąd…™d…ôn ňądu ňą…™t/","https://audio.tatoeba.org/sentences/eng/1026433.mp3","pending"
"Tom died in 2003.","/ňąt…Ďm ňąda…™d ňą…™n 2003/","https://audio.tatoeba.org/sentences/eng/2648723.mp3","pending"
"Tom fed the pigs.","/ňąt…Ďm ňąf…õd ňą√į…ô ňąp…™…°z/","https://audio.tatoeba.org/sentences/eng/2549255.mp3","pending"
"Tom had one wish.","/ňąt…Ďm ňąh√¶d ňąw…ôn ňąw…™ É/","https://audio.tatoeba.org/sentences/eng/4502910.mp3","pending"
"Tom has no class.","/ňąt…Ďm ňąh√¶z ňąno ä ňąk…ę√¶s/","https://audio.tatoeba.org/sentences/eng/4493746.mp3","pending"
"Tom has the keys.","/ňąt…Ďm ňąh√¶z ňą√į…ô ňąkiz/","https://audio.tatoeba.org/sentences/eng/2648700.mp3","pending"
"Tom is a fat man.","/ňąt…Ďm ňą…™z ňąe…™ ňąf√¶t ňąm√¶n/","https://audio.tatoeba.org/sentences/eng/1513229.mp3","pending"
"Tom is a plumber.","/ňąt…Ďm ňą…™z ňąe…™ ňąp…ę…ôm…Ě/","https://audio.tatoeba.org/sentences/eng/1494223.mp3","pending"
"Tom is a yodeler.","/ňąt…Ďm ňą…™z ňąe…™ yodeler/","https://audio.tatoeba.org/sentences/eng/2272895.mp3","pending"
"Tom is at school.","/ňąt…Ďm ňą…™z ňą√¶t ňąsku…ę/","https://audio.tatoeba.org/sentences/eng/2273026.mp3","pending"
"Tom is happy now.","/ňąt…Ďm ňą…™z ňąh√¶pi ňąna ä/","https://audio.tatoeba.org/sentences/eng/2044408.mp3","pending"
"Tom is in a coma.","/ňąt…Ďm ňą…™z ňą…™n ňąe…™ ňąko äm…ô/","https://audio.tatoeba.org/sentences/eng/1868202.mp3","pending"
"Tom is my doctor.","/ňąt…Ďm ňą…™z ňąma…™ ňąd…Ďkt…Ě/","https://audio.tatoeba.org/sentences/eng/2648696.mp3","pending"
"Tom is no genius.","/ňąt…Ďm ňą…™z ňąno ä ňąd íinj…ôs/","https://audio.tatoeba.org/sentences/eng/3381209.mp3","pending"
"Tom is quite old.","/ňąt…Ďm ňą…™z ňąkwa…™t ňąo ä…ęd/","https://audio.tatoeba.org/sentences/eng/3360566.mp3","pending"
"Tom is so stupid.","/ňąt…Ďm ňą…™z ňąso ä ňąstup…ôd/","https://audio.tatoeba.org/sentences/eng/4495227.mp3","pending"
"Tom is too young.","/ňąt…Ďm ňą…™z ňątu ňąj…ôŇč/","https://audio.tatoeba.org/sentences/eng/1868150.mp3","pending"
"Tom is your boss.","/ňąt…Ďm ňą…™z ňąj…Ē…Ļ ňąb…Ďs/","https://audio.tatoeba.org/sentences/eng/2273643.mp3","pending"
"Tom isn't so bad.","/ňąt…Ďm ňą…™z…ôn ňąso ä ňąb√¶d/","https://audio.tatoeba.org/sentences/eng/2648690.mp3","pending"
"Tom isn't up yet.","/ňąt…Ďm ňą…™z…ôn ňą…ôp ňąj…õt/","https://audio.tatoeba.org/sentences/eng/1024670.mp3","pending"
"Tom left his bag.","/ňąt…Ďm ňą…ę…õft ňąh…™z ňąb√¶…°/","https://audio.tatoeba.org/sentences/eng/2648683.mp3","pending"
"Tom likes to run.","/ňąt…Ďm ňą…ęa…™ks ňątu ňą…Ļ…ôn/","https://audio.tatoeba.org/sentences/eng/3333919.mp3","pending"
"Tom lost the bet.","/ňąt…Ďm ňą…ę…Ēst ňą√į…ô ňąb…õt/","https://audio.tatoeba.org/sentences/eng/1093240.mp3","pending"
"Tom may be alive.","/ňąt…Ďm ňąme…™ ňąbi …ôňą…ęa…™v/","https://audio.tatoeba.org/sentences/eng/3733622.mp3","pending"
"Tom needs a hand.","/ňąt…Ďm ňąnidz ňąe…™ ňąh√¶nd/","https://audio.tatoeba.org/sentences/eng/2872235.mp3","pending"
"Tom put on a tie.","/ňąt…Ďm ňąp ät ňą…Ďn ňąe…™ ňąta…™/","https://audio.tatoeba.org/sentences/eng/1164300.mp3","pending"
"Tom saw a doctor.","/ňąt…Ďm ňąs…Ē ňąe…™ ňąd…Ďkt…Ě/","https://audio.tatoeba.org/sentences/eng/1164244.mp3","pending"
"Tom shut the lid.","/ňąt…Ďm ňą É…ôt ňą√į…ô ňą…ę…™d/","https://audio.tatoeba.org/sentences/eng/2648669.mp3","pending"
"Tom stole a base.","/ňąt…Ďm ňąsto ä…ę ňąe…™ ňąbe…™s/","https://audio.tatoeba.org/sentences/eng/3180555.mp3","pending"
"Tom talked a lot.","/ňąt…Ďm ňąt…Ēkt ňąe…™ ňą…ę…Ďt/","https://audio.tatoeba.org/sentences/eng/3181108.mp3","pending"
"Tom wants a kiss.","/ňąt…Ďm ňąw…Ďnts ňąe…™ ňąk…™s/","https://audio.tatoeba.org/sentences/eng/1867795.mp3","pending"
"Tom was hurt bad.","/ňąt…Ďm ňąw…Ďz ňąh…Ět ňąb√¶d/","https://audio.tatoeba.org/sentences/eng/3721392.mp3","pending"
"Tom was too weak.","/ňąt…Ďm ňąw…Ďz ňątu ňąwik/","https://audio.tatoeba.org/sentences/eng/3724327.mp3","pending"
"Tom will be back.","/ňąt…Ďm ňąw…™…ę ňąbi ňąb√¶k/","https://audio.tatoeba.org/sentences/eng/2215628.mp3","pending"
"Tom will help us.","/ňąt…Ďm ňąw…™…ę ňąh…õ…ęp ňą…ôs/","https://audio.tatoeba.org/sentences/eng/2215689.mp3","pending"
"Tom wore a hoody.","/ňąt…Ďm ňąw…Ē…Ļ ňąe…™ hoody/","https://audio.tatoeba.org/sentences/eng/2549220.mp3","pending"
"Try it once more.","/ňąt…Ļa…™ ňą…™t ňąw…ôns ňąm…Ē…Ļ/","https://audio.tatoeba.org/sentences/eng/433593.mp3","pending"
"Turn off the gas.","/ňąt…Ěn ňą…Ēf ňą√į…ô ňą…°√¶s/","https://audio.tatoeba.org/sentences/eng/63744.mp3","pending"
"Was it your idea?","/ňąw…Ďz ňą…™t ňąj…Ē…Ļ a…™ňądi…ô/","https://audio.tatoeba.org/sentences/eng/2298158.mp3","pending"
"We all have kids.","/ňąwi ňą…Ē…ę ňąh√¶v ňąk…™dz/","https://audio.tatoeba.org/sentences/eng/4493745.mp3","pending"
"We ate the pizza.","/ňąwi ňąe…™t ňą√į…ô ňąpits…ô/","https://audio.tatoeba.org/sentences/eng/3154685.mp3","pending"
"We can't risk it.","/ňąwi ňąk√¶nt ňą…Ļ…™sk ňą…™t/","https://audio.tatoeba.org/sentences/eng/1954802.mp3","pending"
"We did all right.","/ňąwi ňąd…™d ňą…Ē…ę ňą…Ļa…™t/","https://audio.tatoeba.org/sentences/eng/3312836.mp3","pending"
"We got snowed in.","/ňąwi ňą…°…Ďt ňąsno äd ňą…™n/","https://audio.tatoeba.org/sentences/eng/3313003.mp3","pending"
"We heard a noise.","/ňąwi ňąh…Ěd ňąe…™ ňąn…Ē…™z/","https://audio.tatoeba.org/sentences/eng/1893794.mp3","pending"
"We lost the game.","/ňąwi ňą…ę…Ēst ňą√į…ô ňą…°e…™m/","https://audio.tatoeba.org/sentences/eng/248786.mp3","pending"
"We must get help.","/ňąwi ňąm…ôst ňą…°…õt ňąh…õ…ęp/","https://audio.tatoeba.org/sentences/eng/3171042.mp3","pending"
"We need to speak.","/ňąwi ňąnid ňątu ňąspik/","https://audio.tatoeba.org/sentences/eng/2648632.mp3","pending"
"We played to win.","/ňąwi ňąp…ęe…™d ňątu ňąw…™n/","https://audio.tatoeba.org/sentences/eng/4501473.mp3","pending"
"We want Tom back.","/ňąwi ňąw…Ďnt ňąt…Ďm ňąb√¶k/","https://audio.tatoeba.org/sentences/eng/4495915.mp3","pending"
"We won't need it.","/ňąwi ňąwo änt ňąnid ňą…™t/","https://audio.tatoeba.org/sentences/eng/2273755.mp3","pending"
"We'll go see Tom.","/ňąwi…ę ňą…°o ä ňąsi ňąt…Ďm/","https://audio.tatoeba.org/sentences/eng/2986293.mp3","pending"
"We're in a hurry.","/ňąw…Ě ňą…™n ňąe…™ ňąh…Ěi/","https://audio.tatoeba.org/sentences/eng/262958.mp3","pending"
"We're out of gas.","/ňąw…Ě ňąa ät ňą…ôv ňą…°√¶s/","https://audio.tatoeba.org/sentences/eng/2273742.mp3","pending"
"We're out of tea.","/ňąw…Ě ňąa ät ňą…ôv ňąti/","https://audio.tatoeba.org/sentences/eng/1495949.mp3","pending"
"We've got a leak.","/ňąwiv ňą…°…Ďt ňąe…™ ňą…ęik/","https://audio.tatoeba.org/sentences/eng/3310124.mp3","pending"
"Were you shot at?","/ňąw…Ě ňąju ňą É…Ďt ňą√¶t/","https://audio.tatoeba.org/sentences/eng/1886824.mp3","pending"
"What did she say?","/ňąhw…ôt ňąd…™d ňą Éi ňąse…™/","https://audio.tatoeba.org/sentences/eng/461204.mp3","pending"
"What did you say?","/ňąhw…ôt ňąd…™d ňąju ňąse…™/","https://audio.tatoeba.org/sentences/eng/433423.mp3","pending"
"What did you see?","/ňąhw…ôt ňąd…™d ňąju ňąsi/","https://audio.tatoeba.org/sentences/eng/1886778.mp3","pending"
"What do you mean?","/ňąhw…ôt ňądu ňąju ňąmin/","https://audio.tatoeba.org/sentences/eng/24706.mp3","pending"
"What do you need?","/ňąhw…ôt ňądu ňąju ňąnid/","https://audio.tatoeba.org/sentences/eng/464546.mp3","pending"
"What is going on?","/ňąhw…ôt ňą…™z ňą…°o ä…™n ňą…Ďn/","https://audio.tatoeba.org/sentences/eng/25158.mp3","pending"
"What is he after?","/ňąhw…ôt ňą…™z ňąhi ňą√¶ft…Ě/","https://audio.tatoeba.org/sentences/eng/294323.mp3","pending"
"What woke you up?","/ňąhw…ôt ňąwo äk ňąju ňą…ôp/","https://audio.tatoeba.org/sentences/eng/16268.mp3","pending"
"What's it to you?","/ňąhw…ôts ňą…™t ňątu ňąju/","https://audio.tatoeba.org/sentences/eng/687458.mp3","pending"
"What's Tom up to?","/ňąhw…ôts ňąt…Ďm ňą…ôp ňątu/","https://audio.tatoeba.org/sentences/eng/2892715.mp3","pending"
"When do we start?","/ňąhw…õn ňądu ňąwi ňąst…Ď…Ļt/","https://audio.tatoeba.org/sentences/eng/1886657.mp3","pending"
"When do you work?","/ňąhw…õn ňądu ňąju ňąw…Ěk/","https://audio.tatoeba.org/sentences/eng/65981.mp3","pending"
"Where do I start?","/ňąhw…õ…Ļ ňądu ňąa…™ ňąst…Ď…Ļt/","https://audio.tatoeba.org/sentences/eng/2572692.mp3","pending"
"Where is the bus?","/ňąhw…õ…Ļ ňą…™z ňą√į…ô ňąb…ôs/","https://audio.tatoeba.org/sentences/eng/1103023.mp3","pending"
"Who are you with?","/ňąhu ňą…Ď…Ļ ňąju ňąw…™√į/","https://audio.tatoeba.org/sentences/eng/2273941.mp3","pending"
"Who did you meet?","/ňąhu ňąd…™d ňąju ňąmit/","https://audio.tatoeba.org/sentences/eng/495479.mp3","pending"
"Who won the game?","/ňąhu ňąw…Ďn ňą√į…ô ňą…°e…™m/","https://audio.tatoeba.org/sentences/eng/3824456.mp3","pending"
"Whose turn is it?","/ňąhuz ňąt…Ěn ňą…™z ňą…™t/","https://audio.tatoeba.org/sentences/eng/435279.mp3","pending"
"Why are you here?","/ňąhwa…™ ňą…Ď…Ļ ňąju ňąhi…Ļ/","https://audio.tatoeba.org/sentences/eng/1481997.mp3","pending"
"Why don't we sit?","/ňąhwa…™ ňądo än ňąwi ňąs…™t/","https://audio.tatoeba.org/sentences/eng/2273962.mp3","pending"
"Will you join us?","/ňąw…™…ę ňąju ňąd í…Ē…™n ňą…ôs/","https://audio.tatoeba.org/sentences/eng/237669.mp3","pending"
"Will you tell me?","/ňąw…™…ę ňąju ňąt…õ…ę ňąmi/","https://audio.tatoeba.org/sentences/eng/250189.mp3","pending"
"You came in late.","/ňąju ňąke…™m ňą…™n ňą…ęe…™t/","https://audio.tatoeba.org/sentences/eng/3331033.mp3","pending"
"You can look now.","/ňąju ňąk√¶n ňą…ę äk ňąna ä/","https://audio.tatoeba.org/sentences/eng/3330995.mp3","pending"
"You deal with it.","/ňąju ňądi…ę ňąw…™√į ňą…™t/","https://audio.tatoeba.org/sentences/eng/3331050.mp3","pending"
"You have a point.","/ňąju ňąh√¶v ňąe…™ ňąp…Ē…™nt/","https://audio.tatoeba.org/sentences/eng/2549195.mp3","pending"
"You have to wait.","/ňąju ňąh√¶v ňątu ňąwe…™t/","https://audio.tatoeba.org/sentences/eng/2549190.mp3","pending"
"You look so pale.","/ňąju ňą…ę äk ňąso ä ňąpe…™…ę/","https://audio.tatoeba.org/sentences/eng/69512.mp3","pending"
"You may go there.","/ňąju ňąme…™ ňą…°o ä ňą√į…õ…Ļ/","https://audio.tatoeba.org/sentences/eng/16625.mp3","pending"
"You may quote me.","/ňąju ňąme…™ ňąkwo ät ňąmi/","https://audio.tatoeba.org/sentences/eng/3331021.mp3","pending"
"You must tell us.","/ňąju ňąm…ôst ňąt…õ…ę ňą…ôs/","https://audio.tatoeba.org/sentences/eng/3178307.mp3","pending"
"You need to stop.","/ňąju ňąnid ňątu ňąst…Ďp/","https://audio.tatoeba.org/sentences/eng/1663818.mp3","pending"
"You were in love.","/ňąju ňąw…Ě ňą…™n ňą…ę…ôv/","https://audio.tatoeba.org/sentences/eng/2648582.mp3","pending"
"You were so cute.","/ňąju ňąw…Ě ňąso ä ňąkjut/","https://audio.tatoeba.org/sentences/eng/2549188.mp3","pending"
"You're a man now.","/ňąju…Ļ ňąe…™ ňąm√¶n ňąna ä/","https://audio.tatoeba.org/sentences/eng/1886941.mp3","pending"
"You're in my way.","/ňąju…Ļ ňą…™n ňąma…™ ňąwe…™/","https://audio.tatoeba.org/sentences/eng/837419.mp3","pending"
"You're on a roll.","/ňąju…Ļ ňą…Ďn ňąe…™ ňą…Ļo ä…ę/","https://audio.tatoeba.org/sentences/eng/2549174.mp3","pending"
"You've got to go.","/ňąjuv ňą…°…Ďt ňątu ňą…°o ä/","https://audio.tatoeba.org/sentences/eng/3331074.mp3","pending"
"Your mom is cool.","/ňąj…Ē…Ļ ňąm…Ďm ňą…™z ňąku…ę/","https://audio.tatoeba.org/sentences/eng/3431205.mp3","pending"
"A dog bit her leg.","/ňąe…™ ňąd…Ē…° ňąb…™t ňąh…Ě ňą…ę…õ…°/","https://audio.tatoeba.org/sentences/eng/1047232.mp3","pending"
"Am I under arrest?","/ňą√¶m ňąa…™ ňą…ônd…Ě …Ěňą…õst/","https://audio.tatoeba.org/sentences/eng/953091.mp3","pending"
"Any place will do.","/ňą…õni ňąp…ęe…™s ňąw…™…ę ňądu/","https://audio.tatoeba.org/sentences/eng/2280259.mp3","pending"