gapped_text,answer,audio,difficulty
"A: Fun party, isn't it? \nB: Sure is. My _______(1) is Emma, by the way. \nA: It's nice to meet you, Emma. I'm Justin. \nB: _______(2) to meet you, Justin. Do you _______(3) in L.A.? \nA: No, I'm from San Francisco. I'm visiting my sister here. \nB: Oh, I love San Francisco. I go there sometimes for work. \nA: Really? Call me next time you're there. Let me give you my _______(4) number. \nB: Okay, hope to see you again! _______(5) a _______(6) time here in L.A.!",1:name | 2:Nice | 3:live | 4:phone | 5:Have | 6:great,https://res.cloudinary.com/dcz6avkds/video/upload/v1774445279/Tactics_for_Listening_Basic_CD1_06_doeerb.mp3,easy
"A: What does your new boyfriend look like, Jenna? \nB: Well, he's really good looking. \nA: Oh? _______(1) he tall? \nB: _______(2), he _______(3). He's pretty short. \nA: Really? _______(4) you taller than him? \nB: No, we're about the same height. Let's see. . . and he has curly brown hair. \nA: He sounds cute. _______(5) _______(6) about your age? \nB: _______(7), he _______(8). And we have the same birthday!",1:Is | 2:No | 3:isn't | 4:Are | 5:Is | 6:he | 7:Yes | 8:is,https://res.cloudinary.com/dcz6avkds/video/upload/v1774445644/Tactics_for_Listening_Basic_CD1_11_qg90s2.mp3,easy
"A: What are you going to wear to the party? \nB: I'm not sure. I might wear _______(1). \nA: Really? Ann and Liz are wearing dresses. \nB: Oh. Well, maybe I'll wear a black skirt. So, what are you _______(2) to _______(3)? \nA: Oh, probably nice _______(4) and a _______(5). \nB: But you don't have _______(6) _______(7), do you? \nA: Oh, that's right. Maybe I can borrow one.",1:jeans | 2:going | 3:wear | 4:pants | 5:tie | 6:any | 7:ties,https://res.cloudinary.com/dcz6avkds/video/upload/v1774445645/Tactics_for_Listening_Basic_CD1_17_v8cv4j.mp3,easy
"A: You look tired, Jake.\nB: Yeah, I'm always tired. I have to get up at _______(1) every day.\nA: _______(2)? Why so early?\nB: Not _______(3), _______(4). Anyway, I go running before work, then I have to catch a _______(5) train to the city.\nA: Oh, I see. So, do you go to bed early?\nB: No, I'm a night owl. Last night I was up until _______(6).\nA: That's not enough sleep, Jake! Maybe you should get a new job.",1:five fifteen | 2:Five fifty | 3:five fifty | 4:five fifteen | 5:six fifty | 6:one fifteen,https://res.cloudinary.com/dcz6avkds/video/upload/v1774445645/Tactics_for_Listening_Basic_CD1_23_di9jof.mp3,easy
"A: When are you going on vacation, Nick?\nB: We're leaving on _______(1) _______(2).\nA: And when are you coming back?\nB: On _______(3) _______(4).\nA: Oh, no. That means you'll miss my party on the _______(5).\nB: What do you mean? I'll be back before the _______(6).\nA: I said the _______(7), not the 27th, but maybe I can change the date. Are you free on the _______(8)?",1:August | 2:sixteenth | 3:August | 4:twenty-third | 5:twenty-second | 6:twenty-seventh | 7:twenty-second | 8:thirty-first,https://res.cloudinary.com/dcz6avkds/video/upload/v1774445646/Tactics_for_Listening_Basic_CD1_29_uvlj7l.mp3,easy
"A: My job is so boring. I really don't like being a _______(1). \nB: Really? Maybe you should try something new. \nA: I don't know. I've always wanted to be an _______(2), but I'd have to go back to school. \nB: So do it! \nA: I can't. I need to _______(3) _______(4), so I can't quit my job. \nB: Could you work part time in an _______(5) and also take _______(6)? \nA: Well, maybe. I'll think about it.",1:receptionist | 2:architect | 3:make | 4:money | 5:office | 6:classes,https://res.cloudinary.com/dcz6avkds/video/upload/v1774445837/Tactics_for_Listening_Basic_CD1_35_dn9qex.mp3,easy
"A: _______(1) _______(2) favorite TV show, Ryan?\nB: Oh, probably My Crazy Life.\nA: Really? _______(3) it _______(4)?\nB: Well, it’s a drama about a group of friends. It has a lot of romance.\nA: Huh. I've _______(5) _______(6) it. Who's in it?\nB: Max Fox and Lindsay Jones.\nA: Oh, Max is one of my _______(7) actors! When is it on?\nB: It’s on Thursdays at 9:00. Or you can watch it online.",1:What's | 2:your | 3:What's | 4:about | 5:never | 6:seen | 7:favorite,https://res.cloudinary.com/dcz6avkds/video/upload/v1774445834/Tactics_for_Listening_Basic_CD1_40_ra5s5o.mp3,easy
"A: Do you _______(1) any _______(2), Nick?\nB: Yes, I love playing sports. But my _______(3) sport is _______(4).\nA: Really? Are you on a team?\nB: Yeah, I am. It’s a lot of _______(5).\nA: How _______(6) do you _______(7)?\nB: Oh, about _______(8) a _______(9) . So, how about you? Do you play sports?\nA: Well, it depends. Do you think playing video games is a sport?\nB: Umm. . . I’m not sure about _______(10).",1:play | 2:sports | 3:favorite | 4:volleyball | 5:fun | 6:often | 7:play | 8:twice | 9:week | 10:that,https://res.cloudinary.com/dcz6avkds/video/upload/v1774445834/Tactics_for_Listening_Basic_CD1_46_eys4xs.mp3,easy
"A: Why _______(1) anyone ever clean up this mess? Have you seen my purse?\nB: _______(2) _______(3) usually keep it in the desk drawer?\nA: Yes, but it isn’t there now.\nB: Oh, there _______(4) _______(5), on the table.\nA: Oh, great. Thanks. Okay, now. . . do you know where my keys are?\nB: Well, I know _______(6) _______(7) on the hook where they belong.\nA: Wait a minute. . . uh, I think I left them in the car. But I _______(8) _______(9) where the car is!",1:doesn't | 2:Don't | 3:you | 4:it | 5:is | 6:they | 7:aren't | 8:don't | 9:know,https://res.cloudinary.com/dcz6avkds/video/upload/v1774445835/Tactics_for_Listening_Basic_CD2_07_dejmfg.mp3,easy
"A: _______(1) _______(2) have a big family, Eva?\nB: Kind of. I have a younger brother and an older sister.\nA: Really? _______(3) old are they?\nB: Let's see. . . my brother is eighteen and my sister is twenty-five.\nA: Oh. _______(4) _______(5) _______(6) your sister do?\nB: She's a chef.\nA: A chef? What a cool job! How do _______(7) _______(8) her food?\nB: I haven't tried it, actually. She lives in California.",1:Do | 2:you | 3:How | 4:What | 5:does | 6:your | 7:you | 8:like,https://res.cloudinary.com/dcz6avkds/video/upload/v1774445836/Tactics_for_Listening_Basic_CD2_12_ni2fwi.mp3,easy
"A: How about going to a movie on Saturday night?\nB: Saturday night? _______(1), I _______(2). I have to work.\nA: Oh, that's too bad.\nB: Yeah. I _______(3) _______(4) to the movies Friday night, though. Are you free then?\nA: Yes, I _______(5) _______(6). Can you check what's playing? I can't find my phone.\nB: Okay, let's see. . . How about The Monster's Return? There's a 7:30 show.\nA: That sounds good. Think _______(7) can _______(8) me a ride?\nB: Sure. I'll pick you up around 7:00. See you Friday.",1:Sorry | 2:can't | 3:can | 4:go | 5:think | 6:so | 7:you | 8:give,https://res.cloudinary.com/dcz6avkds/video/upload/v1774446137/Tactics_for_Listening_Basic_CD2_18_paxjnr.mp3,easy
"A: Excuse me. I need a new computer. What's the price range for your laptops?\nB: Well, our lowest-priced laptop is only _______(1). Our highest-priced model costs _______(2).\nA: That's _______(3)! Can you tell me about the low-priced one?\nB: Well, it's fine for basic use, if you don't play games much.\nA: Well, I am a big gamer, but I don't want to spend over a _______(4) dollars, though.\nB: This model has a lot of power, and it only costs _______(5) dollars. It's very popular.\nA: Hmm, let me take a look.",1:three hundred twenty-nine ninety-nine | 2:two thousand one hundred ninety-nine ninety-nine | 3:expensive | 4:thousand | 5:nine hundred ninety-nine,https://res.cloudinary.com/dcz6avkds/video/upload/v1774446138/Tactics_for_Listening_Basic_CD2_23_yp1iyl.mp3,easy
"A: How was your dinner, Evan?\nB: It _______(1) delicious! How about yours?\nA: Actually, it _______(2) _______(3). My vegetables were overcooked.\nB: Really?\nA: Yeah, and the potatoes weren't _______(4) enough.\nB: Oh, that's too bad. And you know, the service _______(5) _______(6) _______(7) fast as it usually is here.\nA: Yeah, I guess you're right. Let's eat somewhere else next time.",1:was | 2:wasn't | 3:great | 4:spicy | 5:wasn't | 6:as | 7:as,https://res.cloudinary.com/dcz6avkds/video/upload/v1774446140/Tactics_for_Listening_Basic_CD2_28_nfxsu0.mp3,easy
"A: Hi, Angela! I haven't seen you for a long time. What's _______(1)?\nB: Oh, not much really. I've been studying a lot. What about you? _______(2) _______(3) you been up to?\nA: Uh, not much. I did visit Gina last week.\nB: Oh, nice. So, _______(4) _______(5) sister these days?\nA: She's fine, thanks.\nB: And _______(6) _______(7) your parents?\nA: Oh, they're pretty busy, but doing well.",1:new | 2:What | 3:have | 4:how's | 5:your | 6:how | 7:are,https://res.cloudinary.com/dcz6avkds/video/upload/v1774446140/Tactics_for_Listening_Basic_CD2_33_rjhh9j.mp3,easy
"A: How was your vacation, Julia?\nB: It was great! I _______(1) a _______(2) with some friends at the beach.\nA: That sounds like fun!\nB: It was. I _______(3) _______(4) the beach every morning, and I learned to windsurf.\nA: Nice. Did you stay at the beach the whole time?\nB: No, we visited a cute town nearby. We _______(5) _______(6) souvenirs and ate ice cream.\nA: Sounds wonderful.\nB: It was. In fact, I've _______(7) I _______(8) to live near the beach!",1:rented | 2:house | 3:walked | 4:on | 5:shopped | 6:for | 7:decided | 8:want,https://res.cloudinary.com/dcz6avkds/video/upload/v1774446141/Tactics_for_Listening_Basic_CD2_39_z1lgrz.mp3,easy
"A: What's your new apartment like, Matt?\nB: It's perfect. It's just the right size. _______(1) _______(2) _______(3) bedrooms, a living room, and a kitchen.\nA: Nice!\nB: Yeah. Oh, and _______(4) _______(5) _______(6) an office.\nA: Wow, it sounds big! Do you have furniture yet?\nB: Not yet, but _______(7) _______(8) a _______(9) going on at Furniture World this weekend.\nA: Great. Let me know if you need help with anything.",1:There | 2:are | 3:two | 4:there | 5:is | 6:also | 7:there | 8:is | 9:sale,https://res.cloudinary.com/dcz6avkds/video/upload/v1774446140/Tactics_for_Listening_Basic_CD2_44_atpjn4.mp3,easy
"A: What are you _______(1) _______(2) do after you graduate, Evan?\nB: Well, I hope _______(3) _______(4) around the world.\nA: Really? Cool! Where do you want to go?\nB: Let's see. . . first I am _______(5) _______(6) go to Singapore, then Australia.\nA: That's so exciting. Are you going to travel alone?\nB: Well, I would _______(7) _______(8) travel with a friend. Hey, do you want to come with me?\nA: That would be great! But I am going to start a new job in August.\nB: Oh. Well, let me know if you _______(9) your mind.",1:going | 2:to | 3:to | 4:travel | 5:going | 6:to | 7:like | 8:to | 9:change,https://res.cloudinary.com/dcz6avkds/video/upload/v1774487054/Tactics_for_Listening_Basic_CD3_06_ozywkp.mp3,easy
"A: What's the weather like outside?\nB: It's sunny, humid, and _______(1) _______(2). I think it's about 98 degrees.\nA: That sounds awful!\nB: Do you want to go to the beach? Ann, Jo, and Jo's sister are going.\nA: No, thanks. It's too hot for the beach. I'm going to stay inside and read, drink ice water, and sit _______(3) _______(4) _______(5) the air conditioner.\nB: We might stop by Super Burger on the way home. Can I get you anything?\nA: That would be great. I'd like a cheeseburger, fries, and a _______(6) _______(7).",1:very | 2:hot | 3:in | 4:front | 5:of | 6:small | 7:soda,https://res.cloudinary.com/dcz6avkds/video/upload/v1774487054/Tactics_for_Listening_Basic_CD3_11_lqngqa.mp3,easy
"A: May I help you with something, or are you _______(1) _______(2)?\nB: Can I see that watch, please?\nA: The one with the _______(3) _______(4)?\nB: No, the one with _______(5) _______(6) band.\nA: Certainly. Here you are.\nB: Thanks. Yes, this is perfect. I'll take it.\nA: It's a very nice choice. Will you be _______(7) with credit today?\nB: No, I'd like to _______(8) with _______(9).",1:just | 2:looking | 3:silver | 4:band | 5:the | 6:black | 7:paying | 8:pay | 9:cash,https://res.cloudinary.com/dcz6avkds/video/upload/v1774487057/Tactics_for_Listening_Basic_CD3_16_apzejn.mp3,easy
"A: Hello. City Taxi.\nB: Hello, has anyone turned in a _______(1) _______(2)? I think I left mine in a taxi this morning.\nA: Well, our taxi drivers find lots of cell phones _______(3) _______(4). Can you describe it?\nB: Yes, it's _______(5). And it's in an orange case.\nA: Hmm. . . Those are _______(6) _______(7). Let's see. . . no, I'm sorry, we don't have it.\nB: Are you sure? I have to find it. . . it has all my important _______(8) in it. Wait – what's that?\nOh, it's in my jacket _______(9)!",1:cell | 2:phone | 3:every | 4:day | 5:purple | 6:unusual | 7:colors | 8:information | 9:pocket,https://res.cloudinary.com/dcz6avkds/video/upload/v1774487054/Tactics_for_Listening_Basic_CD3_22_he6am2.mp3,easy
"A: Excuse me. I'm looking for the tourist office.\nB: _______(1) _______(2) office? It's not far from here. Go right on Brentwood Road,\nthen left at the light.\nA: Left _______(3) the _______(4)?\nB: Yes, that's right. Then it's about halfway down the block on the right.\nA: _______(5) _______(6) right?\nB: Yes. You can't miss it.",1:The | 2:tourist | 3:at | 4:light | 5:On | 6:the,https://res.cloudinary.com/dcz6avkds/video/upload/v1774487054/Tactics_for_Listening_Basic_CD3_27_xwkxfm.mp3,easy
"A: Hey Molly, have you met the new guy in our class? _______(1) _______(2) right next to me.\nB: No, I haven't. What's he like?\nA: He's really outgoing. He _______(3) and _______(4) a lot.\nB: Really? He _______(5) _______(6).\nA: Yeah, he is. And he's funny. He _______(7) _______(8) every day after class.\nHe's pretty cute, too.\nB: It _______(9) _______(10) you're interested in him.\nA: Well, I am. But he already has _______(11) _______(12).",1:He | 2:sits | 3:talks | 4:laughs | 5:sounds | 6:nice | 7:tells | 8:jokes | 9:seems | 10:like | 11:a | 12:girlfriend,https://res.cloudinary.com/dcz6avkds/video/upload/v1774487055/Tactics_for_Listening_Basic_CD3_33_f04qtc.mp3,easy
"A: So, how do you like living here?\nB: Well, it's okay. The _______(1) are _______(2) friendly.\nA: That's true.\nB: And there are lots of great _______(3) and _______(4).\nA: Yeah, the nightlife is terrific. I go out all the time.\nB: But it's too _______(5) for me, and I can't _______(6) the _______(7).\nA: I know what you mean. The _______(8) gets _______(9) every year!",1:people | 2:really | 3:museums | 4:nightlife | 5:crowded | 6:stand | 7:pollution | 8:traffic | 9:worse,https://res.cloudinary.com/dcz6avkds/video/upload/v1774487054/Tactics_for_Listening_Basic_CD3_39_kupsnp.mp3,easy
"A: How _______(1) _______(2) _______(3) your leg, Craig?\nB: Oh, I tripped and fell when I was playing soccer.\nA: Ouch. _______(4) _______(5) _______(6) to the hospital?\nB: Yes, I did. My leg really hurt, so I got x-rays.\nA: Really? _______(7) _______(8) _______(9) your leg?\nB: No, it's just a sprain. But I won't be able to play soccer for the rest of the season.\nA: Oh, no. That's too bad.",1:did | 2:you | 3:hurt | 4:Did | 5:you | 6:go | 7:Did | 8:you | 9:break,https://res.cloudinary.com/dcz6avkds/video/upload/v1774487055/Tactics_for_Listening_Basic_CD3_44_yuhaqo.mp3,easy
"A: Hi, Amy. What did you do this weekend?\nB: Oh, not much. I _______(1) home and _______(2) on a project.\nA: Is that all?\nB: No. I also finished a good book. Later, I _______(3) _______(4) _______(5). What about you?\nA: I played tennis. The courts were crowded. I _______(6) a long time to play!\nB: What else did you do?\nA: Some friends _______(7) _______(8) to dinner. Later, we went to a club and met a lot of _______(9) _______(10).",1:stayed | 2:worked | 3:visited | 4:a | 5:friend | 6:waited | 7:invited | 8:me | 9:interesting | 10:people,https://res.cloudinary.com/dcz6avkds/video/upload/v1774488366/TFL_Developing_CD1_06_mm1vls.mp3,medium
A: Where do you get the bus _______(1) _______(2)?\nB: I don't take the bus.\nA: Oh. How do you _______(3) _______(4) _______(5)?\nB: I take the subway.\nA: How often do you _______(6) _______(7)?\nB: I take it every day.\nA: How much _______(8) _______(9) _______(10)?\nB: It costs about $50 a month.,1:to | 2:school | 3:get | 4:to | 5:school | 6:take | 7:it | 8:does | 9:it | 10:cost,https://res.cloudinary.com/dcz6avkds/video/upload/v1774488366/TFL_Developing_CD1_11_ce7qql.mp3,medium
"A: Did you hear about the argument between Steve and Mr. Riley?\nB: An argument? But they've been friends for years. What happened?\nA: Steve was cutting some _______(1) _______(2) from that tree in his yard, and one fell on the roof of Mr. Riley's car.\nB: Oh, no! You know that car is his _______(3) _______(4).\nA: Right. Well, Steve offered to take it to a _______(5) _______(6) and pay for the damages.\nB: That _______(7) _______(8).\nA: Yeah. But Mr. Riley was so angry that he won't even talk to Steve anymore.",1:tree | 2:branches | 3:prize | 4:possession | 5:repair | 6:shop | 7:seems | 8:reasonable,https://res.cloudinary.com/dcz6avkds/video/upload/v1774488697/TFL_Developing_CD1_16_hrot1t.mp3,medium
"A: _______(1) _______(2) _______(3) want to do for Brandon's birthday?\nB: Let's have a party!\nA: _______(4) _______(5) _______(6) want to have it?\nB: How about Saturday night?\nA: Okay. Where do you _______(7) _______(8) _______(9) it?\nB: How about my place?\nA: Sounds great. Now, _______(10) _______(11) _______(12) want to invite?\nB: All of Brandon's friends!",1:What | 2:do | 3:you | 4:When | 5:do | 6:you | 7:want | 8:to | 9:have | 10:who | 11:do | 12:you,https://res.cloudinary.com/dcz6avkds/video/upload/v1774488697/TFL_Developing_CD1_21_bunq9p.mp3,medium
"A: What do you _______(1) _______(2) _______(3) tonight?\nB: Let's go out to eat.\nA: Where do you _______(4) _______(5) _______(6)?\nB: I don't know. What about you? What do you want to eat?\nA: I want to go to the _______(7) _______(8).\nB: I'm tired of Italian food.\nA: So, what do you _______(9) _______(10) _______(11), then?\nB: Let's order take-out Chinese!",1:want | 2:to | 3:do | 4:want | 5:to | 6:go | 7:Italian | 8:place | 9:want | 10:to | 11:have,https://res.cloudinary.com/dcz6avkds/video/upload/v1774488698/TFL_Developing_CD1_26_zbsmor.mp3,medium
"A: I'm going shopping. Do you want to come with me?\nB: Yes. I have to buy birthday presents for the twins, _______(1) and _______(2). \nA: Oh, that reminds me! We have to get some graduation presents.\nB: Right. We need something for _______(3).\nA: And _______(4) is graduating, too. We need a present for him.\nB: Okay. And as long as we're out, why don't we get the wedding present?\nA: You mean for _______(5) and _______(6)? Good idea!",1:Heather | 2:Allison | 3:Michael | 4:Jonathan | 5:Lisa | 6:Kevin,https://res.cloudinary.com/dcz6avkds/video/upload/v1774488698/TFL_Developing_CD1_32_qazc8m.mp3,medium
"A: Excuse me, _______(1) _______(2) _______(3) that bag in the overhead compartment?\nB: I'm afraid it's a bit heavy. Would you help me?\nA: Sure. _______(4) _______(5) _______(6).\nB: Thanks.\nA: Oh, and we're taking off soon. _______(7) _______(8) turn off your cell phone, please?\nAnd _______(9) _______(10) _______(11) your seat back forward, too?\nB: No problem. Thanks for your help.",1:could | 2:you | 3:put | 4:There | 5:you | 6:go | 7:Could | 8:you | 9:would | 10:you | 11:put,https://res.cloudinary.com/dcz6avkds/video/upload/v1774488723/TFL_Developing_CD1_37_acdrii.mp3,medium
"A: I heard you had a terrible _______(1) _______(2). What happened?\nB: I slipped on the steps. I dropped my phone and my cup of coffee!\nA: Wow! _______(3) _______(4) _______(5) your phone?\nB: Yes, but I got a new one.\nA: What happened to the coffee? _______(6) _______(7) _______(8) it?\nB: Yes. Now I have a stain on my new pants.\nA: Did you take them to the dry cleaners?\nB: Yes. I hope _______(9) _______(10) comes out!",1:mishap | 2:yesterday | 3:Did | 4:you | 5:break | 6:Did | 7:you | 8:spill | 9:the | 10:stain,https://res.cloudinary.com/dcz6avkds/video/upload/v1774488724/TFL_Developing_CD1_42_stbl1q.mp3,medium
"A: So, what do _______(1) _______(2)?\nB: I'm a flight attendant.\nA: That sounds interesting. Do you _______(3) _______(4) a lot?\nB: Yes. I've been to over 30 countries. _______(5) _______(6) _______(7)? What do you do?\nA: I am a manager in a restaurant.\nB: Do you work on _______(8) _______(9)?\nA: No. I travel on weekends. It's a great job!",1:you | 2:do | 3:fly | 4:overseas | 5:How | 6:about | 7:you | 8:the | 9:weekends,https://res.cloudinary.com/dcz6avkds/video/upload/v1774490202/TFL_Developing_CD2_06_gdasa7.mp3,medium
"A: What did you do in the past that you don't do now?\nB: Well, I didn't _______(1) _______(2) workout very much.\nA: So what do you do now?\nB: Now, I run every day in the park. I used to _______(3) _______(4), but now I love it!\nA: I _______(5) _______(6) _______(7) weights and use the machines at the gym.\nB: And now?\nA: Now I ride my bike a lot. I didn't _______(8) _______(9) _______(10) outdoors, but now I really enjoy it.",1:use | 2:to | 3:hate | 4:running | 5:used | 6:to | 7:lift | 8:use | 9:to | 10:exercise,https://res.cloudinary.com/dcz6avkds/video/upload/v1774490204/TFL_Developing_CD2_11_spbhq5.mp3,medium
"A: Hey, Jen. _______(1) _______(2) _______(3) this weekend?\nB: Maybe. Do you have some plans?\nA: Yes. _______(4) _______(5) _______(6) pop music?\nB: Sure. Why?\nA: I've got tickets for the pop music festival at Reed Hall. _______(7) _______(8) _______(9) to come with me?\nB: Do you have _______(10) _______(11) _______(12) night or Saturday night?\nA: Saturday night.\nB: Great! I'd love to!",1:Are | 2:you | 3:free | 4:Do | 5:you | 6:like | 7:Do | 8:you | 9:want | 10:tickets | 11:for | 12:Friday,https://res.cloudinary.com/dcz6avkds/video/upload/v1774490204/TFL_Developing_CD2_16_donkry.mp3,medium
"A: So, how do you like your school?\nB: Well, I like some things, but I _______(1) _______(2) _______(3) things.\nA: Such as?\nB: I like the _______(4), the _______(5), and the _______(6). But I don't like the food, the gym, or the clubs. How about you?\nA: Just the opposite! I really like the _______(7), the _______(8), and the _______(9).\nB: What don't you like?\nA: I guess I _______(10) _______(11) _______(12) the classes, the teachers, and the homework!",1:don't | 2:like | 3:other | 4:campus | 5:teachers | 6:students | 7:food | 8:clubs | 9:pool | 10:don't | 11:really | 12:like,https://res.cloudinary.com/dcz6avkds/video/upload/v1774490205/TFL_Developing_CD2_21_jr5kww.mp3,medium
"A: What do you do in your free time, Lara?\nB: I used to enjoy _______(1), but now I like _______(2) and _______(3).\nA: Oh, not me! I enjoy collecting things. I collect _______(4) cards.\nB: Do you do anything else?\nA: Yes, I really enjoy _______(5) the Internet and listening to _______(6).\nB: Do you play any sports?\nA: I go _______(7) and _______(8) in the winter. How about you?\nB: I like summer sports. I enjoy _______(9) and _______(10).",1:painting | 2:cooking | 3:gardening | 4:baseball | 5:surfing | 6:music | 7:skiing | 8:snowboarding | 9:swimming | 10:hiking,https://res.cloudinary.com/dcz6avkds/video/upload/v1774490207/TFL_Developing_CD2_27_hjuwrq.mp3,medium
"A: Can I help you?\nB: Yes, I'd _______(1) _______(2) _______(3) this shirt. I need to get a larger one.\nA: No problem.\nB: And the color is wrong. I'd like to find a _______(4) _______(5).\nA: That's fine. Oh, and do you have your receipt?\nB: Uh-oh, I think I forgot it. I _______(6) _______(7) go home and get it.\nA: Yes, I _______(8) _______(9) _______(10) your receipt.\nB: Okay, I'll be right back.",1:like | 2:to | 3:return | 4:blue | 5:one | 6:need | 7:to | 8:need | 9:to | 10:see,https://res.cloudinary.com/dcz6avkds/video/upload/v1774490209/TFL_Developing_CD2_32_uvqljd.mp3,medium
A: _______(1) _______(2) help you?\nB: Yes. I can't open the window in my room. _______(3) _______(4) get some help?\nA: Certainly. Is there anything else?\nB: Yes. I _______(5) _______(6) the air conditioner off.\nA: We can help with that. Is there anything else I can do?\nB: Yes. I _______(7) _______(8) to the Internet.\nA: You need a password. I _______(9) _______(10) _______(11) up with it.\nB: Thank you very much!,1:Can | 2:I | 3:Can | 4:I | 5:can't | 6:turn | 7:can't | 8:connect | 9:can | 10:send | 11:someone,https://res.cloudinary.com/dcz6avkds/video/upload/v1774490211/TFL_Developing_CD2_37_vz2c2p.mp3,medium
"A: Hey, would you like to go to a movie tonight?\nB: Yeah, I'd love to. _______(1) _______(2)?\nA: Hats off to Harry is playing at the Gateway Theater. _______(3) _______(4) a boy that gets lost,\nends up in Hollywood, and becomes a big star.\nB: _______(5) _______(6) it?\nA: Well, besides the boy, umm, Russell Hill.\nB: Oh, _______(7) _______(8) funny guy. Let's go!",1:What's | 2:on | 3:It's | 4:about | 5:Who's | 6:in | 7:He's | 8:a,https://res.cloudinary.com/dcz6avkds/video/upload/v1774490212/TFL_Developing_CD2_42_qyqopl.mp3,medium
"A: Are you afraid of anything?\nB: Yes. I'm afraid of elevators. Once, when I was a kid, I got stuck in _______(1) _______(2).\nA: So what do you do when you have to take an elevator?\nB: I try to _______(3) _______(4) _______(5)! How about you?\nA: I was afraid of insects when I was a kid.\nB: How did you stop being _______(6) _______(7) insects?\nA: When I was in college, I studied insects in a _______(8) _______(9). Now, I'm not afraid at all.\nIn fact, I think _______(10) _______(11) _______(12)!",1:an | 2:elevator | 3:take | 4:the | 5:stairs | 6:afraid | 7:of | 8:biology | 9:class | 10:insects | 11:are | 12:fascinating,https://res.cloudinary.com/dcz6avkds/video/upload/v1774490213/TFL_Developing_CD3_06_wjjkjt.mp3,medium
"A: Mike called today. He wants to go to the restaurant with us tonight.\nB: Did he leave his number?\nA: Yes. It's _______(1). He also asked us to invite Lisa.\nB: Did he leave her number?\nA: No, but I have it memorized. It's _______(2).\nB: Got it. We should call the restaurant, too. I think their number is _______(3).",1:645-760-3950 | 2:760-3950 | 3:858-7869,https://res.cloudinary.com/dcz6avkds/video/upload/v1774490215/TFL_Developing_CD3_12_xozuxu.mp3,medium
"A: What did you see on your tour?\nB: We first saw the Grant House. It's _______(1) _______(2) building in the city.\nA: Nice. What else did you see?\nB: Then we visited the park. It's one of the _______(3) _______(4) _______(5) in the country. After\nthat, we went to the top of the mountain.\nA: Oh, I bet the view was great. Isn't that one of the _______(6) _______(7) in the state?\nB: Yes. Actually, it's the _______(8) _______(9) in the country. The view _______(10) _______(11).",1:the | 2:oldest | 3:biggest | 4:city | 5:parks | 6:tallest | 7:mountains | 8:highest | 9:mountain | 10:was | 11:fantastic,https://res.cloudinary.com/dcz6avkds/video/upload/v1774490216/TFL_Developing_CD3_17_tpnn2y.mp3,medium
"A: Excuse me, where are _______(1) _______(2)?\nB: Your bags are in the baggage claim area, on carousel 3.\nA: Thanks. Oh, and are there _______(3) _______(4) to eat near the baggage claim area?\nB: Yes. There are two cafes and a couple of _______(5).\nA: Great. How do we get into the city?\nB: There are _______(6) _______(7) _______(8) just outside, after you leave the baggage area.\nA: Thank you so much!",1:our | 2:suitcases | 3:any | 4:places | 5:restaurants | 6:buses | 7:and | 8:taxis,https://res.cloudinary.com/dcz6avkds/video/upload/v1774490217/TFL_Developing_CD3_22_szsvav.mp3,medium
"A: Yes, sir, may I help you?\nB: I'd like a room for two nights, please.\nA: _______(1) _______(2)?\nB: That's right. My name is Chris Smithson.\nA: Did you _______(3) _______(4)?\nB: No, Smithson. S-M-I-T-H-S-O-N. Do you need to see some identification?\nA: _______(5) _______(6) _______(7) you have identification?\nB: Yes. I do. Here you go.",1:Two | 2:nights | 3:say | 4:Smith | 5:Did | 6:you | 7:say,https://res.cloudinary.com/dcz6avkds/video/upload/v1774490219/TFL_Developing_CD3_27_m0vqde.mp3,medium
"A: Are you going downtown today?\nB: Yes, but _______(1) _______(2) marathon today. There's going to be a lot of traffic.\nA: Yes. _______(3) _______(4) several streets blocked off.\nB: And I just heard there's been an accident, too.\nA: It's true. There's been a collision _______(5) _______(6) _______(7).\nB: Wow! So, I guess I'll walk. _______(8) _______(9) _______(10) with my feet today!",1:there's | 2:a | 3:There | 4:are | 5:between | 6:two | 7:buses | 8:There's | 9:no | 10:problem,https://res.cloudinary.com/dcz6avkds/video/upload/v1774490220/TFL_Developing_CD3_32_ogotxs.mp3,medium
"A: How do you like your new roommate?\nB: I don't know . . . She's _______(1) _______(2)!\nA: What do you mean?\nB: She's _______(3) _______(4) at night. She watches TV and sings in her room.\nA: So she's not as nice as your last roommate?\nB: No. My last roommate was _______(5) _______(6) and considerate.\nA: So what are you going to do?\nB: Well, you know me. I'm _______(7) _______(8). I guess I won't do anything!",1:really | 2:inconsiderate | 3:terribly | 4:loud | 5:extremely | 6:kind | 7:really | 8:timid,https://res.cloudinary.com/dcz6avkds/video/upload/v1774490222/TFL_Developing_CD3_38_kl4tlj.mp3,medium
"A: Hi, Jen. _______(1) _______(2) your trip?\nB: It was great! I had a wonderful time.\nA: _______(3) _______(4) the food?\nB: It was good! I ate a lot!\nA: How _______(5) _______(6) _______(7) there?\nB: It was beautiful the whole time I was there.\nA: So what was the best thing _______(8) _______(9) _______(10)?",1:How | 2:was | 3:How | 4:was | 5:was | 6:the | 7:weather | 8:about | 9:your | 10:trip,https://res.cloudinary.com/dcz6avkds/video/upload/v1774490223/TFL_Developing_CD3_43_amuigm.mp3,medium
"The club is going to hold an _______(1) tournament every year.\nThe club's _______(2) are closed for two months every year.\nThe gym instructors can produce individual _______(3) for members.\nIn the first exercise studio, there are _______(4) classes.\nInstructors are able to design _______(5) which are safe and enjoyable.\nLeisure membership does not include _______(6).",1:international | 2:tennis courts | 3:fitness programs | 4:indoor cycling | 5:workouts | 6:golf access,https://res.cloudinary.com/dcz6avkds/video/upload/v1774490425/TFT_Developing_CD4_09_gzssuu.mp3,medium
"Cycling to work can save employees both money and _______(1).\nIn recent years, _______(2) _______(3) have increased in the city.\nRegular cycling improves health and reduces _______(4) _______(5).\nIf more employees cycle to work, the company needs less _______(6) _______(7).\nEmployees can borrow a maximum of _______(8) _______(9) _______(10) for cycling equipment.\nEmployees are allowed to buy two bikes if part of their journey is by _______(11).",1:time | 2:traffic | 3:jams | 4:heart | 5:disease | 6:parking | 7:space | 8:a | 9:thousand | 10:dollars | 11:train,https://res.cloudinary.com/dcz6avkds/video/upload/v1774490427/TFT_Developing_CD4_17_tnwukp.mp3,medium
"A: Hi, haven’t we met before?\nB: Yeah, I think we met at Kate’s wedding.\nA: That’s right! Have _______(1) _______(2) _______(3) lately?\nB: No, I haven’t seen her in months. But I _______(4) _______(5) _______(6) husband last week.\nA: Oh, really? _______(7) _______(8) _______(9)?\nB: He’s doing really well. He told me that _______(10) _______(11) a great new job.\nA: I’m _______(12) _______(13) hear that. Well, I’ve got to go, but it was great to see you.\nB: Yeah, you, too! If you see John again, _______(14) _______(15) _______(16) said hello.",1:you | 2:seen | 3:her | 4:talked | 5:with | 6:her | 7:How's | 8:he | 9:doing | 10:he | 11:got | 12:happy | 13:to | 14:tell | 15:him | 16:I,https://res.cloudinary.com/dcz6avkds/video/upload/v1774492577/TFL_Expanding_CD1_06_ygqfus.mp3,hard
"A: Do you want to play soccer this Saturday?\nB: It’s supposed to rain this weekend, _______(1) _______(2)?\nA: Oh, I didn’t know that. Well, then what do you want to do?\nB: We could go to a movie? We _______(3) _______(4) _______(5) the new action movie.\nA: You saw that movie last weekend, didn’t you?\nB: Yeah, but I’d like to see it again. But you don’t like action movies, _______(6) _______(7)?\nA: Not really.\nB: _______(8) _______(9) _______(10) see that new comedy at Star Cinema!",1:isn't | 2:it | 3:could | 4:go | 5:see | 6:do | 7:you | 8:We | 9:could | 10:go,https://res.cloudinary.com/dcz6avkds/video/upload/v1774492578/TFL_Expanding_CD1_11_flkxed.mp3,hard
"A: Do you want to go to the Century Fashions sale on Saturday?\nB: I’d like to, but the salespeople there _______(1) _______(2) _______(3) professional.\nA: I know what you mean. They’re not very friendly, either.\nB: Yeah, and some of the clothes are nice, but some of them are _______(4) _______(5) _______(6) quality.\nA: That’s true. I bought a sweater there last winter, and it _______(7) _______(8) after I wore it twice.\nB: Also, it _______(9) _______(10) _______(11) _______(12) pay for things. The lines are always really long.\nA: Then again, I did get my _______(13) _______(14) there!",1:are | 2:not | 3:very | 4:are | 5:really | 6:bad | 7:fell | 8:apart | 9:takes | 10:too | 11:long | 12:to | 13:favorite | 14:jeans,https://res.cloudinary.com/dcz6avkds/video/upload/v1774492579/TFL_Expanding_CD1_16_dqd3wt.mp3,hard
"A: _______(1) _______(2) _______(3) this afternoon? You were supposed to meet me for lunch.\nB: I’m so sorry. I was at a doctor’s appointment. I thought I would be out of there by noon, but the appointment took a long time.\nA: Oh, _______(4) _______(5) _______(6)?\nB: I’m fine. It was just a check-up. Did you get the movie tickets for tonight?\nA: No, I didn’t. I’m sorry. I couldn’t get online at home.\nB: _______(7) _______(8) _______(9) with your Internet connection?\nA: I think so. Sometimes I can’t get a connection.",1:Where | 2:were | 3:you | 4:are | 5:you | 6:okay | 7:Is | 8:something | 9:wrong,https://res.cloudinary.com/dcz6avkds/video/upload/v1774492581/TFL_Expanding_CD1_21_xv3its.mp3,hard
"A: So, tell me about your new neighbor.\nB: He’s really _______(1) _______(2) _______(3). And we found out we have a lot in common.\nA: Oh, really? Like what?\nB: Well, he’s about the same age _______(4) _______(5) _______(6). And he used to live in the same neighborhood as I did in New York.\nA: Wow! What kinds of things does he like to do?\nB: He told me that _______(7) _______(8) _______(9) soccer on Saturdays. And he likes to go hiking and bike riding. And he loves movies.",1:funny | 2:and | 3:nice | 4:as | 5:I | 6:am | 7:he | 8:always | 9:plays,https://res.cloudinary.com/dcz6avkds/video/upload/v1774492583/TFL_Expanding_CD1_26_degwjm.mp3,hard
"A: Welcome back! Tell me about your trip!\nB: Oh, it was so much fun! First, _______(1) _______(2) _______(3) New York.\nA: Did you go to the Museum of Modern Art?\nB: Yes, we loved it. I had always _______(4) _______(5) _______(6) that museum.\nWe also went to Central Park, of course, and lots of other sites.\nA: Where did you go after that?\nB: After New York, we went to Philadelphia for three days. And then we went to Boston for two days.\nIt was _______(7) _______(8) _______(9)!",1:we | 2:went | 3:to | 4:wanted | 5:to | 6:see | 7:a | 8:great | 9:vacation,https://res.cloudinary.com/dcz6avkds/video/upload/v1774492585/TFL_Expanding_CD1_31_cmazlc.mp3,hard
"A: How’s it going? Do you like your new apartment?\nB: Oh, I love it. My _______(1) _______(2) _______(3) friendly, and the landlord is nice.\nA: That’s great! What’s the building like?\nB: _______(4) _______(5) _______(6) ten stories high, and there are ten apartments on each floor.\nSo, I guess there are 100 apartments.\nA: Wow, it sounds huge. Have you seen some of the other apartments?\nB: Yeah, my next-door neighbor invited me over for coffee the other day. She and her _______(7) _______(8) _______(9) . They’ve been in the building for five years.",1:neighbors | 2:are | 3:really | 4:The | 5:building | 6:is | 7:husband | 8:are | 9:doctors,https://res.cloudinary.com/dcz6avkds/video/upload/v1774492587/TFL_Expanding_CD1_36_p1qybk.mp3,hard
"A: _______(1) _______(2) _______(3) about that guy who sent himself somewhere in a box?\nB: What? No! What happened?\nA: Well, this guy wanted to go to Dallas to visit his father, but _______(4) _______(5) _______(6) to pay for a plane ticket.\nB: Yeah? _______(7) _______(8) _______(9) do?\nA: He figured he would save money by mailing himself to Dallas, so he packed himself inside a box!\nB: _______(10) _______(11) _______(12) ! That must have been some trip!",1:Did | 2:you | 3:hear | 4:he | 5:didn't | 6:want | 7:What | 8:did | 9:he | 10:You're | 11:kidding | 12:me,https://res.cloudinary.com/dcz6avkds/video/upload/v1774492589/TFL_Expanding_CD1_41_qfkrkm.mp3,hard
"A: Do you know Sandra Thomas?\nB: Yeah, I do. Why do you ask?\nA: She’s in my history class. I _______(1) _______(2) _______(3) . She’s so funny.\nB: I know. She makes me laugh all the time.\nA: She seems _______(4) _______(5) _______(6).\nB: She really is smart. She gets As in all her classes. Have you met her brother and sister?\nA: No, what are they like? Are they like Sandra?\nB: Her brother’s completely different. He’s intelligent, but _______(7) _______(8) _______(9) at all.",1:really | 2:like | 3:her | 4:very | 5:intelligent | 6:too | 7:he's | 8:not | 9:friendly,https://res.cloudinary.com/dcz6avkds/video/upload/v1774492592/TFL_Expanding_CD2_06_khhozg.mp3,hard
"A: How did you like that new show that was on Wednesday night?\nB: Oh, I thought it _______(1) _______(2) _______(3)! I can't wait to find out why those people are on the island. What did you think?\nA: I didn't think _______(4) _______(5) _______(6) at all. I was bored.\nB: Really? You thought it was boring? But there was so much _______(7) and _______(8)!\nA: I think shows like that _______(9) _______(10) to watch. You never know what's going on.\nB: Oh, that's exactly why I think they're so fun to watch. I can't wait for next week's show!",1:was | 2:really | 3:exciting | 4:it | 5:was | 6:interesting | 7:drama | 8:excitement | 9:are | 10:frustrating,https://res.cloudinary.com/dcz6avkds/video/upload/v1774492593/TFL_Expanding_CD2_12_c4jozo.mp3,hard
"A: How was your trip to Paris?\nB: It was so much fun! But the airline lost my luggage on the way there.\nA: Oh no! Did you _______(1) _______(2) _______(3) new clothes?\nB: I had to buy a toothbrush for that night, but they found my suitcase the next day. And they delivered it to my hotel so I _______(4) _______(5) _______(6) go pick it up.\nA: That's great! Did you rent a car?\nB: No, you really _______(7) _______(8) _______(9) drive there. You can take the Metro everywhere. That's what the subway is called in Paris.",1:have | 2:to | 3:buy | 4:didn't | 5:have | 6:to | 7:don't | 8:have | 9:to,https://res.cloudinary.com/dcz6avkds/video/upload/v1774492595/TFL_Expanding_CD2_17_yxgip6.mp3,hard
"A: This city has changed so much in the _______(1) _______(2) _______(3)\nB: What do you mean?\nA: Well, there _______(4) _______(5) _______(6) be anything for kids to do after school, but now there’s a great after-school program at the community center.\nB: That’s true. There are a lot of fun things for kids to do now.\nA: Also, _______(7) _______(8) _______(9) be a lot of crime downtown, and there didn’t use to be a lot of good restaurants there.\nB: Yeah. It’s safe downtown now, and there are _______(10) _______(11) _______(12) places to eat.",1:past | 2:five | 3:years | 4:didn't | 5:use | 6:to | 7:there | 8:used | 9:to | 10:lots | 11:of | 12:great,https://res.cloudinary.com/dcz6avkds/video/upload/v1774493890/TFL_Expanding_CD2_22_wnsd1j.mp3,hard
"A: Hey Alex. What’s up?\nB: Oh, nothing. I’m just planning for my dad’s _______(1) _______(2).\nA: Wow. Your dad’s sixty already? He looks so young. I would have thought he was _______(3) _______(4) _______(5).\nB: Ha! He’d love to hear that. Anyway, it’s a special occasion, so I want to plan a _______(6) _______(7) for him.\nA: That’s nice. I’m sure he’ll appreciate that. So when’s the big day?\nB: On the _______(8).\nA: That’s only _______(9) _______(10) _______(11)! You’d better start planning!",1:sixtieth | 2:birthday | 3:closer | 4:to | 5:fifty | 6:big | 7:party | 8:twenty-sixth | 9:two | 10:weeks | 11:away,https://res.cloudinary.com/dcz6avkds/video/upload/v1774493893/TFL_Expanding_CD2_27_anaqcu.mp3,hard
"A: Oh, I like this black sweater. It’s really nice, isn’t it?\nB: Yeah, it’s great. Is it _______(1) _______(2) _______(3)?\nA: No, I think it’s made of cotton.\nB: Don’t you already have a _______(4) _______(5) _______(6) sweaters?\nA: Yeah, I do, but I really like this one.\nB: You wear a lot of black. Why don’t you try on _______(7) _______(8) _______(9) blue sweaters?\nA: Yeah, that’s a nice color. I’ll try it on!",1:made | 2:of | 3:wool | 4:couple | 5:of | 6:black | 7:one | 8:of | 9:these,https://res.cloudinary.com/dcz6avkds/video/upload/v1774493896/TFL_Expanding_CD2_32_ze62g1.mp3,hard
"A: _______(1) _______(2) _______(3) studying at night or in the morning?\nB: I prefer studying at night. How about you?\nA: I like studying at night, too. _______(4) _______(5) _______(6) prefer—going out to a movie or watching a DVD at home?\nB: I prefer going out to a movie. I like watching movies on a big screen. Which _______(7) _______(8) _______(9) better?\nA: I like to watch DVDs at home. It’s more comfortable, and I can rewind or pause the movie whenever I want to.",1:Do | 2:you | 3:prefer | 4:Which | 5:do | 6:you | 7:do | 8:you | 9:like,https://res.cloudinary.com/dcz6avkds/video/upload/v1774493900/TFL_Expanding_CD2_37_lnkjuk.mp3,hard
"A: Hi, Michelle. This is Sam. _______(1) _______(2) _______(3) with Ben?\nB: Hi, Sam. No, I'm sorry. He's not home right now.\nA: Do you know when he'll be back?\nB: He's _______(4) _______(5) _______(6) out for several hours. Do you want to leave a message?\nA: Yeah, thanks. I'm supposed to meet Ben at Cafe Joan for lunch at noon tomorrow. But I have a doctor's appointment, so _______(7) _______(8) _______(9) be a few minutes late.\nB: Do you know what time you're going to be there?\nA: I'll try to get there as soon as I can. I _______(10) _______(11) _______(12) by 12:30.",1:Can | 2:I | 3:speak | 4:going | 5:to | 6:be | 7:I'm | 8:going | 9:to | 10:should | 11:be | 12:there,https://res.cloudinary.com/dcz6avkds/video/upload/v1774493904/TFL_Expanding_CD2_42_qgwjvy.mp3,hard
"A: Did I tell you _______(1) _______(2) _______(3) to me last Saturday morning?\nB: No. What happened?\nA: I was walking down the street to get some coffee _______(4) _______(5) _______(6) heard someone call my name. I looked around, but I didn't see anyone I knew.\nB: Then what _______(7) _______(8) _______(9)?\nA: Well, I thought maybe I imagined it, so I kept walking, and _______(10) _______(11) _______(12) was about to go into the cafe, I heard it again. It was my best friend from elementary school!",1:about | 2:what | 3:happened | 4:when | 5:suddenly | 6:I | 7:did | 8:you | 9:do | 10:just | 11:as | 12:I,https://res.cloudinary.com/dcz6avkds/video/upload/v1774493907/TFL_Expanding_CD3_06_mga2lq.mp3,hard
"A: Didn't you _______(1) _______(2) _______(3) last month?\nB: Yeah, I did. Joe and I went to a great beach resort in the Caribbean.\nA: Wow! _______(4) _______(5) _______(6) a lot of sightseeing?\nB: No, we mostly just relaxed on the beach.\nA: That sounds like fun. Did you do anything else?\nB: Not really, but we _______(7) _______(8) _______(9) to dinner every night.\nA: Were the restaurants good?\nB: _______(10) _______(11) _______(12)! And we went to a different one each night.",1:go | 2:on | 3:vacation | 4:Did | 5:you | 6:do | 7:did | 8:go | 9:out | 10:They | 11:were | 12:great,https://res.cloudinary.com/dcz6avkds/video/upload/v1774493911/TFL_Expanding_CD3_11_vltkfi.mp3,hard
"A: Did you _______(1) _______(2) _______(3) last night and see the story about the bank robbery?\nB: No, I didn’t. What happened?\nA: Three men robbed the bank on Fifth Street. They got _______(4) _______(5) _______(6)\nB: Wow! That’s a lot of money! I hope the police caught them.\nA: Not yet. There’s a _______(7) _______(8) for anyone who helps the police capture them!","1:watch | 2:the | 3:news | 4:away | 5:with | 6:$850,000 | 7:$15,000 | 8:reward",https://res.cloudinary.com/dcz6avkds/video/upload/v1774495231/TFL_Expanding_CD3_16_j504ax.mp3,hard
"A: What _______(1) _______(2) _______(3) about the new mall?\nB: I don’t know. I haven’t shopped there yet. Have you?\nA: Yeah, I have. I went last weekend. I liked it a lot. It has a ton of stores, lots of great restaurants, and a _______(4) _______(5) _______(6)\nB: Oh, I’ll have to check it out soon. It sounds so much better than the old mall.\nA: It is. The old mall is _______(7), _______(8) and too _______(9)\nB: I agree.",1:do | 2:you | 3:think | 4:big | 5:movie | 6:theater | 7:boring | 8:dirty | 9:small,https://res.cloudinary.com/dcz6avkds/video/upload/v1774495234/TFL_Expanding_CD3_21_w30s8n.mp3,hard
He was born in: _______(1)\nHe joined the ANC in: _______(2)\n He became deputy president of the ANC in: _______(3)\n He was sentenced to life in prison in: _______(4)\n He was released from prison in: _______(5)\n He became State President in: _______(6)\n He retired in: _______(7),1:1918 | 2:1942 | 3:1952 | 4:1964 | 5:1990 | 6:1994 | 7:1999,https://res.cloudinary.com/dcz6avkds/video/upload/v1774495683/TFL_Expanding_CD3_24_pd0xhy.mp3,hard
"A: So what _______(1) _______(2) _______(3) this weekend?\nB: My friends and I went to Los Angeles for the weekend.\nA: Oh, really? Did _______(4) _______(5) _______(6) famous?\nB: Yeah! We saw Leonardo DiCaprio in a cafe and Jackie Chan walking down the street!\nA: No way! Did you get their autographs?\nB: No. We were too shy to ask. What _______(7) _______(8) _______(9) if you saw someone famous? Would you ask for an autograph?\nA: Maybe. I was at a restaurant once, and I took a picture of _______(10) _______(11) _______(12)!",1:did | 2:you | 3:do | 4:you | 5:see | 6:anyone | 7:would | 8:you | 9:do | 10:a | 11:famous | 12:actor,https://res.cloudinary.com/dcz6avkds/video/upload/v1774495238/TFL_Expanding_CD3_26_beslu8.mp3,hard
"A: Hi. I’m Jane, and I’ll be your server this evening. What would you like to drink?\nB: I’ll just have some water, thanks.\nA: Okay. And what _______(1) _______(2) _______(3) to eat?\nB: Could you tell me what types of vegetables come with the roast chicken?\nA: Sure. It comes with _______(4) _______(5) _______(6)\nB: Okay. Then I’d like the roast chicken and vegetables, please. And I’d like a piece of apple pie for dessert.\nA: Okay, that’s roast _______(7) _______(8) _______(9), and a piece of apple pie.",1:would | 2:you | 3:like | 4:peas | 5:and | 6:carrots | 7:chicken | 8:and | 9:vegetables,https://res.cloudinary.com/dcz6avkds/video/upload/v1774495243/TFL_Expanding_CD3_31_qmcpqx.mp3,hard
"A: What’s wrong? You look exhausted.\nB: I am. I have a _______(1) _______(2) _______(3) with me right now. He’s a friend from my English class. He was going to stay for a week, but he’s been here for four weeks now.\nA: Oh, no! Why has he been staying with you for so long?\nB: Well, there was a fire in _______(4) _______(5) _______(6), so he has to find a new place to stay. The problem is, he can’t afford to pay the deposit for a new place until he gets money from the _______(7) _______(8).",1:house | 2:guest | 3:staying | 4:his | 5:apartment | 6:building | 7:insurance | 8:company,https://res.cloudinary.com/dcz6avkds/video/upload/v1774495247/TFL_Expanding_CD3_36_brjdfx.mp3,hard
"A: There are _______(1) _______(2) _______(3) in the world today.\nB: I know. There’s water pollution, air pollution, global warming, unemployment.\nA: Yeah, and there’s the destruction of the rain _______(4), _______(5) _______(6), housing shortages. It can get depressing if you think about it too much.\nB: No kidding. What do you think the biggest issues are?\nA: I really think air pollution is the most important issue. If we don’t _______(7) _______(8) and improve air quality, we’ll all have health problems.\nB: I agree that air pollution is a _______(9) _______(10). The air in the city has become so dirty.",1:so | 2:many | 3:problems | 4:forests | 5:traffic | 6:problems | 7:reduce | 8:pollution | 9:big | 10:problem,https://res.cloudinary.com/dcz6avkds/video/upload/v1774495252/TFL_Expanding_CD3_41_wygcro.mp3,hard
"According to UNESCO, the Forbidden City has the greatest number of _______(1) _______(2) in the world.\n One of the most significant colors in the architecture of the Forbidden City is _______(3).\n Black is used for the _______(4) of one building because it represents water.\n The number and layout of buildings in the Forbidden City are intended to represent the _______(5) and _______(6).",1:wooden | 2:structures | 3:yellow | 4:tiles | 5:Earth | 6:heaven,https://res.cloudinary.com/dcz6avkds/video/upload/v1774495258/TFT_Expanding_CD4_09_w65tx5.mp3,hard
"Many rural communities have problems obtaining water for domestic use and _______(1)\nAvoiding the use of fossil fuels reduces _______(2) _______(3) and expense, and conserves non-renewable resources.\nCompared to older designs, modern ram pumps are both more efficient and more _______(4)\nRam pumps are more _______(5) than other methods of supplying water in rural areas.\n_______(6) _______(7) can be taught how to do routine maintenance of ram pumps.\nThe smallest ram pumps deliver approximately _______(8) _______(9) of water daily.",1:farming | 2:air | 3:pollution | 4:reliable | 5:cost-effective | 6:community | 7:members | 8:60 | 9:liters,https://res.cloudinary.com/dcz6avkds/video/upload/v1774494765/TFT_Expanding_CD4_17_kt8zgj.mp3,hard
Operates _______(1) bus services and city sightseeing tours.\n Sightseeing buses provide commentaries in _______(2) languages.\n In _______(3) tours are only available at weekends.\n There are tours every _______(4) _______(5) from 9 am to _______(6).\n Each tour lasts for _______(7) hours.\n Cost: Adults: _______(8) \n Children under _______(9): £1,1:normal | 2:seven | 3:January | 4:twenty | 5:minutes | 6:sunset | 7:two | 8:£2 | 9:twelve,https://res.cloudinary.com/dcz6avkds/video/upload/v1774539117/Track_28_tjjslj.mp3,medium
Title: _______(1) _______(2) _______(3) \nDirected by: Brian _______(4)\nStarring: Tim _______(5) as Dave Douglas.\nRobert Downey Jr gives a _______(6) performance as Dr Kozak.\nAn exciting film for _______(7).,1:The | 2:Shaggy | 3:Dog | 4:Robbins | 5:Allen | 6:good | 7:kids,https://res.cloudinary.com/dcz6avkds/video/upload/v1774539229/14_iskimz.mp3,medium
"TO: Tom\nFROM: _______(1)\nDATE: _______(2) October\nPLACE: _______(3) _______(4)\nADDRESS: 7, _______(5) _______(6)\nTIME: _______(7) _______(8)",1:Anna | 2:31st | 3:Anna's | 4:place | 5:Blackhall | 6:Road | 7:8 | 8:o'clock,https://res.cloudinary.com/dcz6avkds/video/upload/v1774539232/23_s7afqy.mp3,medium
